,"Run 0, Windowed Rewards 0","Run 0, Windowed Rewards 1","Run 1, Windowed Rewards 0","Run 1, Windowed Rewards 1","Run 2, Windowed Rewards 0","Run 2, Windowed Rewards 1","Run 3, Windowed Rewards 0","Run 3, Windowed Rewards 1","Run 4, Windowed Rewards 0","Run 4, Windowed Rewards 1","Run 5, Windowed Rewards 0","Run 5, Windowed Rewards 1","Run 6, Windowed Rewards 0","Run 6, Windowed Rewards 1","Run 7, Windowed Rewards 0","Run 7, Windowed Rewards 1","Run 8, Windowed Rewards 0","Run 8, Windowed Rewards 1","Run 9, Windowed Rewards 0","Run 9, Windowed Rewards 1","Run 10, Windowed Rewards 0","Run 10, Windowed Rewards 1","Run 11, Windowed Rewards 0","Run 11, Windowed Rewards 1","Run 12, Windowed Rewards 0","Run 12, Windowed Rewards 1","Run 13, Windowed Rewards 0","Run 13, Windowed Rewards 1","Run 14, Windowed Rewards 0","Run 14, Windowed Rewards 1","Run 15, Windowed Rewards 0","Run 15, Windowed Rewards 1","Run 16, Windowed Rewards 0","Run 16, Windowed Rewards 1","Run 17, Windowed Rewards 0","Run 17, Windowed Rewards 1","Run 18, Windowed Rewards 0","Run 18, Windowed Rewards 1","Run 19, Windowed Rewards 0","Run 19, Windowed Rewards 1","Run 20, Windowed Rewards 0","Run 20, Windowed Rewards 1","Run 21, Windowed Rewards 0","Run 21, Windowed Rewards 1","Run 22, Windowed Rewards 0","Run 22, Windowed Rewards 1","Run 23, Windowed Rewards 0","Run 23, Windowed Rewards 1","Run 24, Windowed Rewards 0","Run 24, Windowed Rewards 1","Run 25, Windowed Rewards 0","Run 25, Windowed Rewards 1","Run 26, Windowed Rewards 0","Run 26, Windowed Rewards 1","Run 27, Windowed Rewards 0","Run 27, Windowed Rewards 1","Run 28, Windowed Rewards 0","Run 28, Windowed Rewards 1","Run 29, Windowed Rewards 0","Run 29, Windowed Rewards 1","Run 30, Windowed Rewards 0","Run 30, Windowed Rewards 1","Run 31, Windowed Rewards 0","Run 31, Windowed Rewards 1","Run 32, Windowed Rewards 0","Run 32, Windowed Rewards 1","Run 33, Windowed Rewards 0","Run 33, Windowed Rewards 1","Run 34, Windowed Rewards 0","Run 34, Windowed Rewards 1","Run 35, Windowed Rewards 0","Run 35, Windowed Rewards 1","Run 36, Windowed Rewards 0","Run 36, Windowed Rewards 1","Run 37, Windowed Rewards 0","Run 37, Windowed Rewards 1","Run 38, Windowed Rewards 0","Run 38, Windowed Rewards 1","Run 39, Windowed Rewards 0","Run 39, Windowed Rewards 1","Run 40, Windowed Rewards 0","Run 40, Windowed Rewards 1","Run 41, Windowed Rewards 0","Run 41, Windowed Rewards 1","Run 42, Windowed Rewards 0","Run 42, Windowed Rewards 1","Run 43, Windowed Rewards 0","Run 43, Windowed Rewards 1","Run 44, Windowed Rewards 0","Run 44, Windowed Rewards 1","Run 45, Windowed Rewards 0","Run 45, Windowed Rewards 1","Run 46, Windowed Rewards 0","Run 46, Windowed Rewards 1","Run 47, Windowed Rewards 0","Run 47, Windowed Rewards 1","Run 48, Windowed Rewards 0","Run 48, Windowed Rewards 1","Run 49, Windowed Rewards 0","Run 49, Windowed Rewards 1","Run 50, Windowed Rewards 0","Run 50, Windowed Rewards 1","Run 51, Windowed Rewards 0","Run 51, Windowed Rewards 1","Run 52, Windowed Rewards 0","Run 52, Windowed Rewards 1","Run 53, Windowed Rewards 0","Run 53, Windowed Rewards 1","Run 54, Windowed Rewards 0","Run 54, Windowed Rewards 1","Run 55, Windowed Rewards 0","Run 55, Windowed Rewards 1","Run 56, Windowed Rewards 0","Run 56, Windowed Rewards 1","Run 57, Windowed Rewards 0","Run 57, Windowed Rewards 1","Run 58, Windowed Rewards 0","Run 58, Windowed Rewards 1","Run 59, Windowed Rewards 0","Run 59, Windowed Rewards 1","Run 60, Windowed Rewards 0","Run 60, Windowed Rewards 1","Run 61, Windowed Rewards 0","Run 61, Windowed Rewards 1","Run 62, Windowed Rewards 0","Run 62, Windowed Rewards 1","Run 63, Windowed Rewards 0","Run 63, Windowed Rewards 1","Run 64, Windowed Rewards 0","Run 64, Windowed Rewards 1","Run 65, Windowed Rewards 0","Run 65, Windowed Rewards 1","Run 66, Windowed Rewards 0","Run 66, Windowed Rewards 1","Run 67, Windowed Rewards 0","Run 67, Windowed Rewards 1","Run 68, Windowed Rewards 0","Run 68, Windowed Rewards 1","Run 69, Windowed Rewards 0","Run 69, Windowed Rewards 1","Run 70, Windowed Rewards 0","Run 70, Windowed Rewards 1","Run 71, Windowed Rewards 0","Run 71, Windowed Rewards 1","Run 72, Windowed Rewards 0","Run 72, Windowed Rewards 1","Run 73, Windowed Rewards 0","Run 73, Windowed Rewards 1","Run 74, Windowed Rewards 0","Run 74, Windowed Rewards 1","Run 75, Windowed Rewards 0","Run 75, Windowed Rewards 1","Run 76, Windowed Rewards 0","Run 76, Windowed Rewards 1","Run 77, Windowed Rewards 0","Run 77, Windowed Rewards 1","Run 78, Windowed Rewards 0","Run 78, Windowed Rewards 1","Run 79, Windowed Rewards 0","Run 79, Windowed Rewards 1","Run 80, Windowed Rewards 0","Run 80, Windowed Rewards 1","Run 81, Windowed Rewards 0","Run 81, Windowed Rewards 1","Run 82, Windowed Rewards 0","Run 82, Windowed Rewards 1","Run 83, Windowed Rewards 0","Run 83, Windowed Rewards 1","Run 84, Windowed Rewards 0","Run 84, Windowed Rewards 1","Run 85, Windowed Rewards 0","Run 85, Windowed Rewards 1","Run 86, Windowed Rewards 0","Run 86, Windowed Rewards 1","Run 87, Windowed Rewards 0","Run 87, Windowed Rewards 1","Run 88, Windowed Rewards 0","Run 88, Windowed Rewards 1","Run 89, Windowed Rewards 0","Run 89, Windowed Rewards 1","Run 90, Windowed Rewards 0","Run 90, Windowed Rewards 1","Run 91, Windowed Rewards 0","Run 91, Windowed Rewards 1","Run 92, Windowed Rewards 0","Run 92, Windowed Rewards 1","Run 93, Windowed Rewards 0","Run 93, Windowed Rewards 1","Run 94, Windowed Rewards 0","Run 94, Windowed Rewards 1","Run 95, Windowed Rewards 0","Run 95, Windowed Rewards 1","Run 96, Windowed Rewards 0","Run 96, Windowed Rewards 1","Run 97, Windowed Rewards 0","Run 97, Windowed Rewards 1","Run 98, Windowed Rewards 0","Run 98, Windowed Rewards 1","Run 99, Windowed Rewards 0","Run 99, Windowed Rewards 1"
0,-1.4,-1.4,-1.4,-1.4,-1.4,-1.4,-1.4,-1.4,-1.4,-1.4,-1.4,-1.4,-1.4,-1.4,-1.4,-1.4,-1.4,-1.4,-1.4,-1.4,-1.4,-1.4,-1.4,-1.4,-1.4,-1.4,-1.4,-1.4,-1.4,-1.4,-1.4,-1.4,-1.4,-1.4,-1.4,-1.4,-1.4,-1.4,-1.4,-1.4,-1.4,-1.4,-1.4,-1.4,-1.4,-1.4,-1.4,-1.4,-1.4,-1.4,-1.4,-1.4,-1.4,-1.4,-1.4,-1.4,-1.4,-1.4,-1.4,-1.4,-1.4,-1.4,-1.4,-1.4,-1.4,-1.4,-1.4,-1.4,-1.4,-1.4,-1.4,-1.4,-1.4,-1.4,-1.4,-1.4,-1.4,-1.4,-1.4,-1.4,-1.4,-1.4,-1.4,-1.4,-1.4,-1.4,-1.4,-1.4,-1.4,-1.4,-1.4,-1.4,-1.4,-1.4,-1.4,-1.4,-1.4,-1.4,-1.4,-1.4,-1.4,-1.4,-1.4,-1.4,-1.4,-1.4,-1.4,-1.4,-1.4,-1.4,-1.4,-1.4,-1.4,-1.4,-1.4,-1.4,-1.4,-1.4,-1.4,-1.4,-1.4,-1.4,-1.4,-1.4,-1.4,-1.4,-1.4,-1.4,-1.4,-1.4,-1.4,-1.4,-1.4,-1.4,-1.4,-1.4,-1.4,-1.4,-1.4,-1.4,-1.4,-1.4,-1.4,-1.4,-1.4,-1.4,-1.4,-1.4,-1.4,-1.4,-1.4,-1.4,-1.4,-1.4,-1.4,-1.4,-1.4,-1.4,-1.4,-1.4,-1.4,-1.4,-1.4,-1.4,-1.4,-1.4,-1.4,-1.4,-1.4,-1.4,-1.4,-1.4,-1.4,-1.4,-1.4,-1.4,-1.4,-1.4,-1.4,-1.4,-1.4,-1.4,-1.4,-1.4,-1.4,-1.4,-1.4,-1.4,-1.4,-1.4,-1.4,-1.4,-1.4,-1.4,-1.4,-1.4,-1.4,-1.4,-1.4,-1.4
1,-1.6,-1.6,-1.6,-1.6,-1.6,-1.6,-1.6,-1.6,-1.6,-1.6,-1.6,-1.6,-1.6,-1.6,-1.6,-1.6,-1.6,-1.6,-1.6,-1.6,-1.6,-1.6,-1.6,-1.6,-1.6,-1.6,-1.6,-1.6,-1.6,-1.6,-1.6,-1.6,-1.6,-1.6,-1.6,-1.6,-1.6,-1.6,-1.6,-1.6,-1.6,-1.6,-1.6,-1.6,-1.6,-1.6,-1.6,-1.6,-1.6,-1.6,-1.6,-1.6,-1.6,-1.6,-1.6,-1.6,-1.6,-1.6,-1.6,-1.6,-1.6,-1.6,-1.6,-1.6,-1.6,-1.6,-1.6,-1.6,-1.6,-1.6,-1.6,-1.6,-1.6,-1.6,-1.6,-1.6,-1.6,-1.6,-1.6,-1.6,-1.6,-1.6,-1.6,-1.6,-1.6,-1.6,-1.6,-1.6,-1.6,-1.6,-1.6,-1.6,-1.6,-1.6,-1.6,-1.6,-1.6,-1.6,-1.6,-1.6,-1.6,-1.6,-1.6,-1.6,-1.6,-1.6,-1.6,-1.6,-1.6,-1.6,-1.6,-1.6,-1.6,-1.6,-1.6,-1.6,-1.6,-1.6,-1.6,-1.6,-1.6,-1.6,-1.6,-1.6,-1.6,-1.6,-1.6,-1.6,-1.6,-1.6,-1.6,-1.6,-1.6,-1.6,-1.6,-1.6,-1.6,-1.6,-1.6,-1.6,-1.6,-1.6,-1.6,-1.6,-1.6,-1.6,-1.6,-1.6,-1.6,-1.6,-1.6,-1.6,-1.6,-1.6,-1.6,-1.6,-1.6,-1.6,-1.6,-1.6,-1.6,-1.6,-1.6,-1.6,-1.6,-1.6,-1.6,-1.6,-1.6,-1.6,-1.6,-1.6,-1.6,-1.6,-1.6,-1.6,-1.6,-1.6,-1.6,-1.6,-1.6,-1.6,-1.6,-1.6,-1.6,-1.6,-1.6,-1.6,-1.6,-1.6,-1.6,-1.6,-1.6,-1.6,-1.6,-1.6,-1.6,-1.6,-1.6,-1.6
2,-1.4,-2.0,-1.4,-2.0,-1.4,-2.0,-1.4,-2.0,-1.4,-2.0,-1.4,-2.0,-1.4,-2.0,-1.4,-2.0,-1.4,-2.0,-1.4,-2.0,-1.4,-2.0,-1.4,-2.0,-1.4,-2.0,-1.4,-2.0,-1.4,-2.0,-1.4,-2.0,-1.4,-2.0,-1.4,-2.0,-1.4,-2.0,-1.4,-2.0,-1.4,-2.0,-1.4,-2.0,-1.4,-2.0,-1.4,-2.0,-1.4,-2.0,-1.4,-2.0,-1.4,-2.0,-1.4,-2.0,-1.4,-2.0,-1.4,-2.0,-1.4,-2.0,-1.4,-2.0,-1.4,-2.0,-1.4,-2.0,-1.4,-2.0,-1.4,-2.0,-1.4,-2.0,-1.4,-2.0,-1.4,-2.0,-1.4,-2.0,-1.4,-2.0,-1.4,-2.0,-1.4,-2.0,-1.4,-2.0,-1.4,-2.0,-1.4,-2.0,-1.4,-2.0,-1.4,-2.0,-1.4,-2.0,-1.4,-2.0,-1.4,-2.0,-1.4,-2.0,-1.4,-2.0,-1.4,-2.0,-1.4,-2.0,-1.4,-2.0,-1.4,-2.0,-1.4,-2.0,-1.4,-2.0,-1.4,-2.0,-1.4,-2.0,-1.4,-2.0,-1.4,-2.0,-1.4,-2.0,-1.4,-2.0,-1.4,-2.0,-1.4,-2.0,-1.4,-2.0,-1.4,-2.0,-1.4,-2.0,-1.4,-2.0,-1.4,-2.0,-1.4,-2.0,-1.4,-2.0,-1.4,-2.0,-1.4,-2.0,-1.4,-2.0,-1.4,-2.0,-1.4,-2.0,-1.4,-2.0,-1.4,-2.0,-1.4,-2.0,-1.4,-2.0,-1.4,-2.0,-1.4,-2.0,-1.4,-2.0,-1.4,-2.0,-1.4,-2.0,-1.4,-2.0,-1.4,-2.0,-1.4,-2.0,-1.4,-2.0,-1.4,-2.0,-1.4,-2.0,-1.4,-2.0,-1.4,-2.0,-1.4,-2.0,-1.4,-2.0,-1.4,-2.0,-1.4,-2.0
3,-1.2,-1.2,-1.2,-1.2,-1.2,-1.2,-1.2,-1.2,-1.2,-1.2,-1.2,-1.2,-1.2,-1.2,-1.2,-1.2,-1.2,-1.2,-1.2,-1.2,-1.2,-1.2,-1.2,-1.2,-1.2,-1.2,-1.2,-1.2,-1.2,-1.2,-1.2,-1.2,-1.2,-1.2,-1.2,-1.2,-1.2,-1.2,-1.2,-1.2,-1.2,-1.2,-1.2,-1.2,-1.2,-1.2,-1.2,-1.2,-1.2,-1.2,-1.2,-1.2,-1.2,-1.2,-1.2,-1.2,-1.2,-1.2,-1.2,-1.2,-1.2,-1.2,-1.2,-1.2,-1.2,-1.2,-1.2,-1.2,-1.2,-1.2,-1.2,-1.2,-1.2,-1.2,-1.2,-1.2,-1.2,-1.2,-1.2,-1.2,-1.2,-1.2,-1.2,-1.2,-1.2,-1.2,-1.2,-1.2,-1.2,-1.2,-1.2,-1.2,-1.2,-1.2,-1.2,-1.2,-1.2,-1.2,-1.2,-1.2,-1.2,-1.2,-1.2,-1.2,-1.2,-1.2,-1.2,-1.2,-1.2,-1.2,-1.2,-1.2,-1.2,-1.2,-1.2,-1.2,-1.2,-1.2,-1.2,-1.2,-1.2,-1.2,-1.2,-1.2,-1.2,-1.2,-1.2,-1.2,-1.2,-1.2,-1.2,-1.2,-1.2,-1.2,-1.2,-1.2,-1.2,-1.2,-1.2,-1.2,-1.2,-1.2,-1.2,-1.2,-1.2,-1.2,-1.2,-1.2,-1.2,-1.2,-1.2,-1.2,-1.2,-1.2,-1.2,-1.2,-1.2,-1.2,-1.2,-1.2,-1.2,-1.2,-1.2,-1.2,-1.2,-1.2,-1.2,-1.2,-1.2,-1.2,-1.2,-1.2,-1.2,-1.2,-1.2,-1.2,-1.2,-1.2,-1.2,-1.2,-1.2,-1.2,-1.2,-1.2,-1.2,-1.2,-1.2,-1.2,-1.2,-1.2,-1.2,-1.2,-1.2,-1.2,-1.2,-1.2,-1.2,-1.2,-1.2,-1.2
4,-1.4,-1.4,-1.4,-1.4,-1.4,-1.4,-1.4,-1.4,-1.4,-1.4,-1.4,-1.4,-1.4,-1.4,-1.4,-1.4,-1.4,-1.4,-1.4,-1.4,-1.4,-1.4,-1.4,-1.4,-1.4,-1.4,-1.4,-1.4,-1.4,-1.4,-1.4,-1.4,-1.4,-1.4,-1.4,-1.4,-1.4,-1.4,-1.4,-1.4,-1.4,-1.4,-1.4,-1.4,-1.4,-1.4,-1.4,-1.4,-1.4,-1.4,-1.4,-1.4,-1.4,-1.4,-1.4,-1.4,-1.4,-1.4,-1.4,-1.4,-1.4,-1.4,-1.4,-1.4,-1.4,-1.4,-1.4,-1.4,-1.4,-1.4,-1.4,-1.4,-1.4,-1.4,-1.4,-1.4,-1.4,-1.4,-1.4,-1.4,-1.4,-1.4,-1.4,-1.4,-1.4,-1.4,-1.4,-1.4,-1.4,-1.4,-1.4,-1.4,-1.4,-1.4,-1.4,-1.4,-1.4,-1.4,-1.4,-1.4,-1.4,-1.4,-1.4,-1.4,-1.4,-1.4,-1.4,-1.4,-1.4,-1.4,-1.4,-1.4,-1.4,-1.4,-1.4,-1.4,-1.4,-1.4,-1.4,-1.4,-1.4,-1.4,-1.4,-1.4,-1.4,-1.4,-1.4,-1.4,-1.4,-1.4,-1.4,-1.4,-1.4,-1.4,-1.4,-1.4,-1.4,-1.4,-1.4,-1.4,-1.4,-1.4,-1.4,-1.4,-1.4,-1.4,-1.4,-1.4,-1.4,-1.4,-1.4,-1.4,-1.4,-1.4,-1.4,-1.4,-1.4,-1.4,-1.4,-1.4,-1.4,-1.4,-1.4,-1.4,-1.4,-1.4,-1.4,-1.4,-1.4,-1.4,-1.4,-1.4,-1.4,-1.4,-1.4,-1.4,-1.4,-1.4,-1.4,-1.4,-1.4,-1.4,-1.4,-1.4,-1.4,-1.4,-1.4,-1.4,-1.4,-1.4,-1.4,-1.4,-1.4,-1.4,-1.4,-1.4,-1.4,-1.4,-1.4,-1.4
5,-1.2,-2.4,-1.2,-2.4,-1.2,-2.4,-1.2,-2.4,-1.2,-2.4,-1.2,-2.4,-1.2,-2.4,-1.2,-2.4,-1.2,-2.4,-1.2,-2.4,-1.2,-2.4,-1.2,-2.4,-1.2,-2.4,-1.2,-2.4,-1.2,-2.4,-1.2,-2.4,-1.2,-2.4,-1.2,-2.4,-1.2,-2.4,-1.2,-2.4,-1.2,-2.4,-1.2,-2.4,-1.2,-2.4,-1.2,-2.4,-1.2,-2.4,-1.2,-2.4,-1.2,-2.4,-1.2,-2.4,-1.2,-2.4,-1.2,-2.4,-1.2,-2.4,-1.2,-2.4,-1.2,-2.4,-1.2,-2.4,-1.2,-2.4,-1.2,-2.4,-1.2,-2.4,-1.2,-2.4,-1.2,-2.4,-1.2,-2.4,-1.2,-2.4,-1.2,-2.4,-1.2,-2.4,-1.2,-2.4,-1.2,-2.4,-1.2,-2.4,-1.2,-2.4,-1.2,-2.4,-1.2,-2.4,-1.2,-2.4,-1.2,-2.4,-1.2,-2.4,-1.2,-2.4,-1.2,-2.4,-1.2,-2.4,-1.2,-2.4,-1.2,-2.4,-1.2,-2.4,-1.2,-2.4,-1.2,-2.4,-1.2,-2.4,-1.2,-2.4,-1.2,-2.4,-1.2,-2.4,-1.2,-2.4,-1.2,-2.4,-1.2,-2.4,-1.2,-2.4,-1.2,-2.4,-1.2,-2.4,-1.2,-2.4,-1.2,-2.4,-1.2,-2.4,-1.2,-2.4,-1.2,-2.4,-1.2,-2.4,-1.2,-2.4,-1.2,-2.4,-1.2,-2.4,-1.2,-2.4,-1.2,-2.4,-1.2,-2.4,-1.2,-2.4,-1.2,-2.4,-1.2,-2.4,-1.2,-2.4,-1.2,-2.4,-1.2,-2.4,-1.2,-2.4,-1.2,-2.4,-1.2,-2.4,-1.2,-2.4,-1.2,-2.4,-1.2,-2.4,-1.2,-2.4,-1.2,-2.4,-1.2,-2.4,-1.2,-2.4,-1.2,-2.4,-1.2,-2.4
6,-1.4,-2.0,-1.4,-2.0,-1.4,-2.0,-1.4,-2.0,-1.4,-2.0,-1.4,-2.0,-1.4,-2.0,-1.4,-2.0,-1.4,-2.0,-1.4,-2.0,-1.4,-2.0,-1.4,-2.0,-1.4,-2.0,-1.4,-2.0,-1.4,-2.0,-1.4,-2.0,-1.4,-2.0,-1.4,-2.0,-1.4,-2.0,-1.4,-2.0,-1.4,-2.0,-1.4,-2.0,-1.4,-2.0,-1.4,-2.0,-1.4,-2.0,-1.4,-2.0,-1.4,-2.0,-1.4,-2.0,-1.4,-2.0,-1.4,-2.0,-1.4,-2.0,-1.4,-2.0,-1.4,-2.0,-1.4,-2.0,-1.4,-2.0,-1.4,-2.0,-1.4,-2.0,-1.4,-2.0,-1.4,-2.0,-1.4,-2.0,-1.4,-2.0,-1.4,-2.0,-1.4,-2.0,-1.4,-2.0,-1.4,-2.0,-1.4,-2.0,-1.4,-2.0,-1.4,-2.0,-1.4,-2.0,-1.4,-2.0,-1.4,-2.0,-1.4,-2.0,-1.4,-2.0,-1.4,-2.0,-1.4,-2.0,-1.4,-2.0,-1.4,-2.0,-1.4,-2.0,-1.4,-2.0,-1.4,-2.0,-1.4,-2.0,-1.4,-2.0,-1.4,-2.0,-1.4,-2.0,-1.4,-2.0,-1.4,-2.0,-1.4,-2.0,-1.4,-2.0,-1.4,-2.0,-1.4,-2.0,-1.4,-2.0,-1.4,-2.0,-1.4,-2.0,-1.4,-2.0,-1.4,-2.0,-1.4,-2.0,-1.4,-2.0,-1.4,-2.0,-1.4,-2.0,-1.4,-2.0,-1.4,-2.0,-1.4,-2.0,-1.4,-2.0,-1.4,-2.0,-1.4,-2.0,-1.4,-2.0,-1.4,-2.0,-1.4,-2.0,-1.4,-2.0,-1.4,-2.0,-1.4,-2.0,-1.4,-2.0,-1.4,-2.0,-1.4,-2.0,-1.4,-2.0,-1.4,-2.0,-1.4,-2.0,-1.4,-2.0,-1.4,-2.0,-1.4,-2.0
7,-1.4,-2.0,-1.4,-2.0,-1.4,-2.0,-1.4,-2.0,-1.4,-2.0,-1.4,-2.0,-1.4,-2.0,-1.4,-2.0,-1.4,-2.0,-1.4,-2.0,-1.4,-2.0,-1.4,-2.0,-1.4,-2.0,-1.4,-2.0,-1.4,-2.0,-1.4,-2.0,-1.4,-2.0,-1.4,-2.0,-1.4,-2.0,-1.4,-2.0,-1.4,-2.0,-1.4,-2.0,-1.4,-2.0,-1.4,-2.0,-1.4,-2.0,-1.4,-2.0,-1.4,-2.0,-1.4,-2.0,-1.4,-2.0,-1.4,-2.0,-1.4,-2.0,-1.4,-2.0,-1.4,-2.0,-1.4,-2.0,-1.4,-2.0,-1.4,-2.0,-1.4,-2.0,-1.4,-2.0,-1.4,-2.0,-1.4,-2.0,-1.4,-2.0,-1.4,-2.0,-1.4,-2.0,-1.4,-2.0,-1.4,-2.0,-1.4,-2.0,-1.4,-2.0,-1.4,-2.0,-1.4,-2.0,-1.4,-2.0,-1.4,-2.0,-1.4,-2.0,-1.4,-2.0,-1.4,-2.0,-1.4,-2.0,-1.4,-2.0,-1.4,-2.0,-1.4,-2.0,-1.4,-2.0,-1.4,-2.0,-1.4,-2.0,-1.4,-2.0,-1.4,-2.0,-1.4,-2.0,-1.4,-2.0,-1.4,-2.0,-1.4,-2.0,-1.4,-2.0,-1.4,-2.0,-1.4,-2.0,-1.4,-2.0,-1.4,-2.0,-1.4,-2.0,-1.4,-2.0,-1.4,-2.0,-1.4,-2.0,-1.4,-2.0,-1.4,-2.0,-1.4,-2.0,-1.4,-2.0,-1.4,-2.0,-1.4,-2.0,-1.4,-2.0,-1.4,-2.0,-1.4,-2.0,-1.4,-2.0,-1.4,-2.0,-1.4,-2.0,-1.4,-2.0,-1.4,-2.0,-1.4,-2.0,-1.4,-2.0,-1.4,-2.0,-1.4,-2.0,-1.4,-2.0,-1.4,-2.0,-1.4,-2.0,-1.4,-2.0,-1.4,-2.0,-1.4,-2.0
8,-1.4,-1.4,-1.4,-1.4,-1.4,-1.4,-1.4,-1.4,-1.4,-1.4,-1.4,-1.4,-1.4,-1.4,-1.4,-1.4,-1.4,-1.4,-1.4,-1.4,-1.4,-1.4,-1.4,-1.4,-1.4,-1.4,-1.4,-1.4,-1.4,-1.4,-1.4,-1.4,-1.4,-1.4,-1.4,-1.4,-1.4,-1.4,-1.4,-1.4,-1.4,-1.4,-1.4,-1.4,-1.4,-1.4,-1.4,-1.4,-1.4,-1.4,-1.4,-1.4,-1.4,-1.4,-1.4,-1.4,-1.4,-1.4,-1.4,-1.4,-1.4,-1.4,-1.4,-1.4,-1.4,-1.4,-1.4,-1.4,-1.4,-1.4,-1.4,-1.4,-1.4,-1.4,-1.4,-1.4,-1.4,-1.4,-1.4,-1.4,-1.4,-1.4,-1.4,-1.4,-1.4,-1.4,-1.4,-1.4,-1.4,-1.4,-1.4,-1.4,-1.4,-1.4,-1.4,-1.4,-1.4,-1.4,-1.4,-1.4,-1.4,-1.4,-1.4,-1.4,-1.4,-1.4,-1.4,-1.4,-1.4,-1.4,-1.4,-1.4,-1.4,-1.4,-1.4,-1.4,-1.4,-1.4,-1.4,-1.4,-1.4,-1.4,-1.4,-1.4,-1.4,-1.4,-1.4,-1.4,-1.4,-1.4,-1.4,-1.4,-1.4,-1.4,-1.4,-1.4,-1.4,-1.4,-1.4,-1.4,-1.4,-1.4,-1.4,-1.4,-1.4,-1.4,-1.4,-1.4,-1.4,-1.4,-1.4,-1.4,-1.4,-1.4,-1.4,-1.4,-1.4,-1.4,-1.4,-1.4,-1.4,-1.4,-1.4,-1.4,-1.4,-1.4,-1.4,-1.4,-1.4,-1.4,-1.4,-1.4,-1.4,-1.4,-1.4,-1.4,-1.4,-1.4,-1.4,-1.4,-1.4,-1.4,-1.4,-1.4,-1.4,-1.4,-1.4,-1.4,-1.4,-1.4,-1.4,-1.4,-1.4,-1.4,-1.4,-1.4,-1.4,-1.4,-1.4,-1.4
9,-1.8,-1.2,-1.8,-1.2,-1.8,-1.2,-1.8,-1.2,-1.8,-1.2,-1.8,-1.2,-1.8,-1.2,-1.8,-1.2,-1.8,-1.2,-1.8,-1.2,-1.8,-1.2,-1.8,-1.2,-1.8,-1.2,-1.8,-1.2,-1.8,-1.2,-1.8,-1.2,-1.8,-1.2,-1.8,-1.2,-1.8,-1.2,-1.8,-1.2,-1.8,-1.2,-1.8,-1.2,-1.8,-1.2,-1.8,-1.2,-1.8,-1.2,-1.8,-1.2,-1.8,-1.2,-1.8,-1.2,-1.8,-1.2,-1.8,-1.2,-1.8,-1.2,-1.8,-1.2,-1.8,-1.2,-1.8,-1.2,-1.8,-1.2,-1.8,-1.2,-1.8,-1.2,-1.8,-1.2,-1.8,-1.2,-1.8,-1.2,-1.8,-1.2,-1.8,-1.2,-1.8,-1.2,-1.8,-1.2,-1.8,-1.2,-1.8,-1.2,-1.8,-1.2,-1.8,-1.2,-1.8,-1.2,-1.8,-1.2,-1.8,-1.2,-1.8,-1.2,-1.8,-1.2,-1.8,-1.2,-1.8,-1.2,-1.8,-1.2,-1.8,-1.2,-1.8,-1.2,-1.8,-1.2,-1.8,-1.2,-1.8,-1.2,-1.8,-1.2,-1.8,-1.2,-1.8,-1.2,-1.8,-1.2,-1.8,-1.2,-1.8,-1.2,-1.8,-1.2,-1.8,-1.2,-1.8,-1.2,-1.8,-1.2,-1.8,-1.2,-1.8,-1.2,-1.8,-1.2,-1.8,-1.2,-1.8,-1.2,-1.8,-1.2,-1.8,-1.2,-1.8,-1.2,-1.8,-1.2,-1.8,-1.2,-1.8,-1.2,-1.8,-1.2,-1.8,-1.2,-1.8,-1.2,-1.8,-1.2,-1.8,-1.2,-1.8,-1.2,-1.8,-1.2,-1.8,-1.2,-1.8,-1.2,-1.8,-1.2,-1.8,-1.2,-1.8,-1.2,-1.8,-1.2,-1.8,-1.2,-1.8,-1.2,-1.8,-1.2,-1.8,-1.2,-1.8,-1.2
10,-1.8,-1.8,-1.8,-1.8,-1.8,-1.8,-1.8,-1.8,-1.8,-1.8,-1.8,-1.8,-1.8,-1.8,-1.8,-1.8,-1.8,-1.8,-1.8,-1.8,-1.8,-1.8,-1.8,-1.8,-1.8,-1.8,-1.8,-1.8,-1.8,-1.8,-1.8,-1.8,-1.8,-1.8,-1.8,-1.8,-1.8,-1.8,-1.8,-1.8,-1.8,-1.8,-1.8,-1.8,-1.8,-1.8,-1.8,-1.8,-1.8,-1.8,-1.8,-1.8,-1.8,-1.8,-1.8,-1.8,-1.8,-1.8,-1.8,-1.8,-1.8,-1.8,-1.8,-1.8,-1.8,-1.8,-1.8,-1.8,-1.8,-1.8,-1.8,-1.8,-1.8,-1.8,-1.8,-1.8,-1.8,-1.8,-1.8,-1.8,-1.8,-1.8,-1.8,-1.8,-1.8,-1.8,-1.8,-1.8,-1.8,-1.8,-1.8,-1.8,-1.8,-1.8,-1.8,-1.8,-1.8,-1.8,-1.8,-1.8,-1.8,-1.8,-1.8,-1.8,-1.8,-1.8,-1.8,-1.8,-1.8,-1.8,-1.8,-1.8,-1.8,-1.8,-1.8,-1.8,-1.8,-1.8,-1.8,-1.8,-1.8,-1.8,-1.8,-1.8,-1.8,-1.8,-1.8,-1.8,-1.8,-1.8,-1.8,-1.8,-1.8,-1.8,-1.8,-1.8,-1.8,-1.8,-1.8,-1.8,-1.8,-1.8,-1.8,-1.8,-1.8,-1.8,-1.8,-1.8,-1.8,-1.8,-1.8,-1.8,-1.8,-1.8,-1.8,-1.8,-1.8,-1.8,-1.8,-1.8,-1.8,-1.8,-1.8,-1.8,-1.8,-1.8,-1.8,-1.8,-1.8,-1.8,-1.8,-1.8,-1.8,-1.8,-1.8,-1.8,-1.8,-1.8,-1.8,-1.8,-1.8,-1.8,-1.8,-1.8,-1.8,-1.8,-1.8,-1.8,-1.8,-1.8,-1.8,-1.8,-1.8,-1.8,-1.8,-1.8,-1.8,-1.8,-1.8,-1.8
11,-1.4,-1.4,-1.4,-1.4,-1.4,-1.4,-1.4,-1.4,-1.4,-1.4,-1.4,-1.4,-1.4,-1.4,-1.4,-1.4,-1.4,-1.4,-1.4,-1.4,-1.4,-1.4,-1.4,-1.4,-1.4,-1.4,-1.4,-1.4,-1.4,-1.4,-1.4,-1.4,-1.4,-1.4,-1.4,-1.4,-1.4,-1.4,-1.4,-1.4,-1.4,-1.4,-1.4,-1.4,-1.4,-1.4,-1.4,-1.4,-1.4,-1.4,-1.4,-1.4,-1.4,-1.4,-1.4,-1.4,-1.4,-1.4,-1.4,-1.4,-1.4,-1.4,-1.4,-1.4,-1.4,-1.4,-1.4,-1.4,-1.4,-1.4,-1.4,-1.4,-1.4,-1.4,-1.4,-1.4,-1.4,-1.4,-1.4,-1.4,-1.4,-1.4,-1.4,-1.4,-1.4,-1.4,-1.4,-1.4,-1.4,-1.4,-1.4,-1.4,-1.4,-1.4,-1.4,-1.4,-1.4,-1.4,-1.4,-1.4,-1.4,-1.4,-1.4,-1.4,-1.4,-1.4,-1.4,-1.4,-1.4,-1.4,-1.4,-1.4,-1.4,-1.4,-1.4,-1.4,-1.4,-1.4,-1.4,-1.4,-1.4,-1.4,-1.4,-1.4,-1.4,-1.4,-1.4,-1.4,-1.4,-1.4,-1.4,-1.4,-1.4,-1.4,-1.4,-1.4,-1.4,-1.4,-1.4,-1.4,-1.4,-1.4,-1.4,-1.4,-1.4,-1.4,-1.4,-1.4,-1.4,-1.4,-1.4,-1.4,-1.4,-1.4,-1.4,-1.4,-1.4,-1.4,-1.4,-1.4,-1.4,-1.4,-1.4,-1.4,-1.4,-1.4,-1.4,-1.4,-1.4,-1.4,-1.4,-1.4,-1.4,-1.4,-1.4,-1.4,-1.4,-1.4,-1.4,-1.4,-1.4,-1.4,-1.4,-1.4,-1.4,-1.4,-1.4,-1.4,-1.4,-1.4,-1.4,-1.4,-1.4,-1.4,-1.4,-1.4,-1.4,-1.4,-1.4,-1.4
12,-1.4,-1.4,-1.4,-1.4,-1.4,-1.4,-1.4,-1.4,-1.4,-1.4,-1.4,-1.4,-1.4,-1.4,-1.4,-1.4,-1.4,-1.4,-1.4,-1.4,-1.4,-1.4,-1.4,-1.4,-1.4,-1.4,-1.4,-1.4,-1.4,-1.4,-1.4,-1.4,-1.4,-1.4,-1.4,-1.4,-1.4,-1.4,-1.4,-1.4,-1.4,-1.4,-1.4,-1.4,-1.4,-1.4,-1.4,-1.4,-1.4,-1.4,-1.4,-1.4,-1.4,-1.4,-1.4,-1.4,-1.4,-1.4,-1.4,-1.4,-1.4,-1.4,-1.4,-1.4,-1.4,-1.4,-1.4,-1.4,-1.4,-1.4,-1.4,-1.4,-1.4,-1.4,-1.4,-1.4,-1.4,-1.4,-1.4,-1.4,-1.4,-1.4,-1.4,-1.4,-1.4,-1.4,-1.4,-1.4,-1.4,-1.4,-1.4,-1.4,-1.4,-1.4,-1.4,-1.4,-1.4,-1.4,-1.4,-1.4,-1.4,-1.4,-1.4,-1.4,-1.4,-1.4,-1.4,-1.4,-1.4,-1.4,-1.4,-1.4,-1.4,-1.4,-1.4,-1.4,-1.4,-1.4,-1.4,-1.4,-1.4,-1.4,-1.4,-1.4,-1.4,-1.4,-1.4,-1.4,-1.4,-1.4,-1.4,-1.4,-1.4,-1.4,-1.4,-1.4,-1.4,-1.4,-1.4,-1.4,-1.4,-1.4,-1.4,-1.4,-1.4,-1.4,-1.4,-1.4,-1.4,-1.4,-1.4,-1.4,-1.4,-1.4,-1.4,-1.4,-1.4,-1.4,-1.4,-1.4,-1.4,-1.4,-1.4,-1.4,-1.4,-1.4,-1.4,-1.4,-1.4,-1.4,-1.4,-1.4,-1.4,-1.4,-1.4,-1.4,-1.4,-1.4,-1.4,-1.4,-1.4,-1.4,-1.4,-1.4,-1.4,-1.4,-1.4,-1.4,-1.4,-1.4,-1.4,-1.4,-1.4,-1.4,-1.4,-1.4,-1.4,-1.4,-1.4,-1.4
13,-1.4,-2.0,-1.4,-2.0,-1.4,-2.0,-1.4,-2.0,-1.4,-2.0,-1.4,-2.0,-1.4,-2.0,-1.4,-2.0,-1.4,-2.0,-1.4,-2.0,-1.4,-2.0,-1.4,-2.0,-1.4,-2.0,-1.4,-2.0,-1.4,-2.0,-1.4,-2.0,-1.4,-2.0,-1.4,-2.0,-1.4,-2.0,-1.4,-2.0,-1.4,-2.0,-1.4,-2.0,-1.4,-2.0,-1.4,-2.0,-1.4,-2.0,-1.4,-2.0,-1.4,-2.0,-1.4,-2.0,-1.4,-2.0,-1.4,-2.0,-1.4,-2.0,-1.4,-2.0,-1.4,-2.0,-1.4,-2.0,-1.4,-2.0,-1.4,-2.0,-1.4,-2.0,-1.4,-2.0,-1.4,-2.0,-1.4,-2.0,-1.4,-2.0,-1.4,-2.0,-1.4,-2.0,-1.4,-2.0,-1.4,-2.0,-1.4,-2.0,-1.4,-2.0,-1.4,-2.0,-1.4,-2.0,-1.4,-2.0,-1.4,-2.0,-1.4,-2.0,-1.4,-2.0,-1.4,-2.0,-1.4,-2.0,-1.4,-2.0,-1.4,-2.0,-1.4,-2.0,-1.4,-2.0,-1.4,-2.0,-1.4,-2.0,-1.4,-2.0,-1.4,-2.0,-1.4,-2.0,-1.4,-2.0,-1.4,-2.0,-1.4,-2.0,-1.4,-2.0,-1.4,-2.0,-1.4,-2.0,-1.4,-2.0,-1.4,-2.0,-1.4,-2.0,-1.4,-2.0,-1.4,-2.0,-1.4,-2.0,-1.4,-2.0,-1.4,-2.0,-1.4,-2.0,-1.4,-2.0,-1.4,-2.0,-1.4,-2.0,-1.4,-2.0,-1.4,-2.0,-1.4,-2.0,-1.4,-2.0,-1.4,-2.0,-1.4,-2.0,-1.4,-2.0,-1.4,-2.0,-1.4,-2.0,-1.4,-2.0,-1.4,-2.0,-1.4,-2.0,-1.4,-2.0,-1.4,-2.0,-1.4,-2.0,-1.4,-2.0,-1.4,-2.0,-1.4,-2.0
14,-1.6,-1.0,-1.6,-1.0,-1.6,-1.0,-1.6,-1.0,-1.6,-1.0,-1.6,-1.0,-1.6,-1.0,-1.6,-1.0,-1.6,-1.0,-1.6,-1.0,-1.6,-1.0,-1.6,-1.0,-1.6,-1.0,-1.6,-1.0,-1.6,-1.0,-1.6,-1.0,-1.6,-1.0,-1.6,-1.0,-1.6,-1.0,-1.6,-1.0,-1.6,-1.0,-1.6,-1.0,-1.6,-1.0,-1.6,-1.0,-1.6,-1.0,-1.6,-1.0,-1.6,-1.0,-1.6,-1.0,-1.6,-1.0,-1.6,-1.0,-1.6,-1.0,-1.6,-1.0,-1.6,-1.0,-1.6,-1.0,-1.6,-1.0,-1.6,-1.0,-1.6,-1.0,-1.6,-1.0,-1.6,-1.0,-1.6,-1.0,-1.6,-1.0,-1.6,-1.0,-1.6,-1.0,-1.6,-1.0,-1.6,-1.0,-1.6,-1.0,-1.6,-1.0,-1.6,-1.0,-1.6,-1.0,-1.6,-1.0,-1.6,-1.0,-1.6,-1.0,-1.6,-1.0,-1.6,-1.0,-1.6,-1.0,-1.6,-1.0,-1.6,-1.0,-1.6,-1.0,-1.6,-1.0,-1.6,-1.0,-1.6,-1.0,-1.6,-1.0,-1.6,-1.0,-1.6,-1.0,-1.6,-1.0,-1.6,-1.0,-1.6,-1.0,-1.6,-1.0,-1.6,-1.0,-1.6,-1.0,-1.6,-1.0,-1.6,-1.0,-1.6,-1.0,-1.6,-1.0,-1.6,-1.0,-1.6,-1.0,-1.6,-1.0,-1.6,-1.0,-1.6,-1.0,-1.6,-1.0,-1.6,-1.0,-1.6,-1.0,-1.6,-1.0,-1.6,-1.0,-1.6,-1.0,-1.6,-1.0,-1.6,-1.0,-1.6,-1.0,-1.6,-1.0,-1.6,-1.0,-1.6,-1.0,-1.6,-1.0,-1.6,-1.0,-1.6,-1.0,-1.6,-1.0,-1.6,-1.0,-1.6,-1.0,-1.6,-1.0,-1.6,-1.0,-1.6,-1.0
15,-1.6,-1.6,-1.6,-1.6,-1.6,-1.6,-1.6,-1.6,-1.6,-1.6,-1.6,-1.6,-1.6,-1.6,-1.6,-1.6,-1.6,-1.6,-1.6,-1.6,-1.6,-1.6,-1.6,-1.6,-1.6,-1.6,-1.6,-1.6,-1.6,-1.6,-1.6,-1.6,-1.6,-1.6,-1.6,-1.6,-1.6,-1.6,-1.6,-1.6,-1.6,-1.6,-1.6,-1.6,-1.6,-1.6,-1.6,-1.6,-1.6,-1.6,-1.6,-1.6,-1.6,-1.6,-1.6,-1.6,-1.6,-1.6,-1.6,-1.6,-1.6,-1.6,-1.6,-1.6,-1.6,-1.6,-1.6,-1.6,-1.6,-1.6,-1.6,-1.6,-1.6,-1.6,-1.6,-1.6,-1.6,-1.6,-1.6,-1.6,-1.6,-1.6,-1.6,-1.6,-1.6,-1.6,-1.6,-1.6,-1.6,-1.6,-1.6,-1.6,-1.6,-1.6,-1.6,-1.6,-1.6,-1.6,-1.6,-1.6,-1.6,-1.6,-1.6,-1.6,-1.6,-1.6,-1.6,-1.6,-1.6,-1.6,-1.6,-1.6,-1.6,-1.6,-1.6,-1.6,-1.6,-1.6,-1.6,-1.6,-1.6,-1.6,-1.6,-1.6,-1.6,-1.6,-1.6,-1.6,-1.6,-1.6,-1.6,-1.6,-1.6,-1.6,-1.6,-1.6,-1.6,-1.6,-1.6,-1.6,-1.6,-1.6,-1.6,-1.6,-1.6,-1.6,-1.6,-1.6,-1.6,-1.6,-1.6,-1.6,-1.6,-1.6,-1.6,-1.6,-1.6,-1.6,-1.6,-1.6,-1.6,-1.6,-1.6,-1.6,-1.6,-1.6,-1.6,-1.6,-1.6,-1.6,-1.6,-1.6,-1.6,-1.6,-1.6,-1.6,-1.6,-1.6,-1.6,-1.6,-1.6,-1.6,-1.6,-1.6,-1.6,-1.6,-1.6,-1.6,-1.6,-1.6,-1.6,-1.6,-1.6,-1.6,-1.6,-1.6,-1.6,-1.6,-1.6,-1.6
16,-1.2,-2.4,-1.2,-2.4,-1.2,-2.4,-1.2,-2.4,-1.2,-2.4,-1.2,-2.4,-1.2,-2.4,-1.2,-2.4,-1.2,-2.4,-1.2,-2.4,-1.2,-2.4,-1.2,-2.4,-1.2,-2.4,-1.2,-2.4,-1.2,-2.4,-1.2,-2.4,-1.2,-2.4,-1.2,-2.4,-1.2,-2.4,-1.2,-2.4,-1.2,-2.4,-1.2,-2.4,-1.2,-2.4,-1.2,-2.4,-1.2,-2.4,-1.2,-2.4,-1.2,-2.4,-1.2,-2.4,-1.2,-2.4,-1.2,-2.4,-1.2,-2.4,-1.2,-2.4,-1.2,-2.4,-1.2,-2.4,-1.2,-2.4,-1.2,-2.4,-1.2,-2.4,-1.2,-2.4,-1.2,-2.4,-1.2,-2.4,-1.2,-2.4,-1.2,-2.4,-1.2,-2.4,-1.2,-2.4,-1.2,-2.4,-1.2,-2.4,-1.2,-2.4,-1.2,-2.4,-1.2,-2.4,-1.2,-2.4,-1.2,-2.4,-1.2,-2.4,-1.2,-2.4,-1.2,-2.4,-1.2,-2.4,-1.2,-2.4,-1.2,-2.4,-1.2,-2.4,-1.2,-2.4,-1.2,-2.4,-1.2,-2.4,-1.2,-2.4,-1.2,-2.4,-1.2,-2.4,-1.2,-2.4,-1.2,-2.4,-1.2,-2.4,-1.2,-2.4,-1.2,-2.4,-1.2,-2.4,-1.2,-2.4,-1.2,-2.4,-1.2,-2.4,-1.2,-2.4,-1.2,-2.4,-1.2,-2.4,-1.2,-2.4,-1.2,-2.4,-1.2,-2.4,-1.2,-2.4,-1.2,-2.4,-1.2,-2.4,-1.2,-2.4,-1.2,-2.4,-1.2,-2.4,-1.2,-2.4,-1.2,-2.4,-1.2,-2.4,-1.2,-2.4,-1.2,-2.4,-1.2,-2.4,-1.2,-2.4,-1.2,-2.4,-1.2,-2.4,-1.2,-2.4,-1.2,-2.4,-1.2,-2.4,-1.2,-2.4,-1.2,-2.4,-1.2,-2.4
17,-1.2,-1.8,-1.2,-1.8,-1.2,-1.8,-1.2,-1.8,-1.2,-1.8,-1.2,-1.8,-1.2,-1.8,-1.2,-1.8,-1.2,-1.8,-1.2,-1.8,-1.2,-1.8,-1.2,-1.8,-1.2,-1.8,-1.2,-1.8,-1.2,-1.8,-1.2,-1.8,-1.2,-1.8,-1.2,-1.8,-1.2,-1.8,-1.2,-1.8,-1.2,-1.8,-1.2,-1.8,-1.2,-1.8,-1.2,-1.8,-1.2,-1.8,-1.2,-1.8,-1.2,-1.8,-1.2,-1.8,-1.2,-1.8,-1.2,-1.8,-1.2,-1.8,-1.2,-1.8,-1.2,-1.8,-1.2,-1.8,-1.2,-1.8,-1.2,-1.8,-1.2,-1.8,-1.2,-1.8,-1.2,-1.8,-1.2,-1.8,-1.2,-1.8,-1.2,-1.8,-1.2,-1.8,-1.2,-1.8,-1.2,-1.8,-1.2,-1.8,-1.2,-1.8,-1.2,-1.8,-1.2,-1.8,-1.2,-1.8,-1.2,-1.8,-1.2,-1.8,-1.2,-1.8,-1.2,-1.8,-1.2,-1.8,-1.2,-1.8,-1.2,-1.8,-1.2,-1.8,-1.2,-1.8,-1.2,-1.8,-1.2,-1.8,-1.2,-1.8,-1.2,-1.8,-1.2,-1.8,-1.2,-1.8,-1.2,-1.8,-1.2,-1.8,-1.2,-1.8,-1.2,-1.8,-1.2,-1.8,-1.2,-1.8,-1.2,-1.8,-1.2,-1.8,-1.2,-1.8,-1.2,-1.8,-1.2,-1.8,-1.2,-1.8,-1.2,-1.8,-1.2,-1.8,-1.2,-1.8,-1.2,-1.8,-1.2,-1.8,-1.2,-1.8,-1.2,-1.8,-1.2,-1.8,-1.2,-1.8,-1.2,-1.8,-1.2,-1.8,-1.2,-1.8,-1.2,-1.8,-1.2,-1.8,-1.2,-1.8,-1.2,-1.8,-1.2,-1.8,-1.2,-1.8,-1.2,-1.8,-1.2,-1.8,-1.2,-1.8,-1.2,-1.8,-1.2,-1.8
18,-1.6,-1.0,-1.6,-1.0,-1.6,-1.0,-1.6,-1.0,-1.6,-1.0,-1.6,-1.0,-1.6,-1.0,-1.6,-1.0,-1.6,-1.0,-1.6,-1.0,-1.6,-1.0,-1.6,-1.0,-1.6,-1.0,-1.6,-1.0,-1.6,-1.0,-1.6,-1.0,-1.6,-1.0,-1.6,-1.0,-1.6,-1.0,-1.6,-1.0,-1.6,-1.0,-1.6,-1.0,-1.6,-1.0,-1.6,-1.0,-1.6,-1.0,-1.6,-1.0,-1.6,-1.0,-1.6,-1.0,-1.6,-1.0,-1.6,-1.0,-1.6,-1.0,-1.6,-1.0,-1.6,-1.0,-1.6,-1.0,-1.6,-1.0,-1.6,-1.0,-1.6,-1.0,-1.6,-1.0,-1.6,-1.0,-1.6,-1.0,-1.6,-1.0,-1.6,-1.0,-1.6,-1.0,-1.6,-1.0,-1.6,-1.0,-1.6,-1.0,-1.6,-1.0,-1.6,-1.0,-1.6,-1.0,-1.6,-1.0,-1.6,-1.0,-1.6,-1.0,-1.6,-1.0,-1.6,-1.0,-1.6,-1.0,-1.6,-1.0,-1.6,-1.0,-1.6,-1.0,-1.6,-1.0,-1.6,-1.0,-1.6,-1.0,-1.6,-1.0,-1.6,-1.0,-1.6,-1.0,-1.6,-1.0,-1.6,-1.0,-1.6,-1.0,-1.6,-1.0,-1.6,-1.0,-1.6,-1.0,-1.6,-1.0,-1.6,-1.0,-1.6,-1.0,-1.6,-1.0,-1.6,-1.0,-1.6,-1.0,-1.6,-1.0,-1.6,-1.0,-1.6,-1.0,-1.6,-1.0,-1.6,-1.0,-1.6,-1.0,-1.6,-1.0,-1.6,-1.0,-1.6,-1.0,-1.6,-1.0,-1.6,-1.0,-1.6,-1.0,-1.6,-1.0,-1.6,-1.0,-1.6,-1.0,-1.6,-1.0,-1.6,-1.0,-1.6,-1.0,-1.6,-1.0,-1.6,-1.0,-1.6,-1.0,-1.6,-1.0,-1.6,-1.0,-1.6,-1.0
19,-1.8,-1.8,-1.8,-1.8,-1.8,-1.8,-1.8,-1.8,-1.8,-1.8,-1.8,-1.8,-1.8,-1.8,-1.8,-1.8,-1.8,-1.8,-1.8,-1.8,-1.8,-1.8,-1.8,-1.8,-1.8,-1.8,-1.8,-1.8,-1.8,-1.8,-1.8,-1.8,-1.8,-1.8,-1.8,-1.8,-1.8,-1.8,-1.8,-1.8,-1.8,-1.8,-1.8,-1.8,-1.8,-1.8,-1.8,-1.8,-1.8,-1.8,-1.8,-1.8,-1.8,-1.8,-1.8,-1.8,-1.8,-1.8,-1.8,-1.8,-1.8,-1.8,-1.8,-1.8,-1.8,-1.8,-1.8,-1.8,-1.8,-1.8,-1.8,-1.8,-1.8,-1.8,-1.8,-1.8,-1.8,-1.8,-1.8,-1.8,-1.8,-1.8,-1.8,-1.8,-1.8,-1.8,-1.8,-1.8,-1.8,-1.8,-1.8,-1.8,-1.8,-1.8,-1.8,-1.8,-1.8,-1.8,-1.8,-1.8,-1.8,-1.8,-1.8,-1.8,-1.8,-1.8,-1.8,-1.8,-1.8,-1.8,-1.8,-1.8,-1.8,-1.8,-1.8,-1.8,-1.8,-1.8,-1.8,-1.8,-1.8,-1.8,-1.8,-1.8,-1.8,-1.8,-1.8,-1.8,-1.8,-1.8,-1.8,-1.8,-1.8,-1.8,-1.8,-1.8,-1.8,-1.8,-1.8,-1.8,-1.8,-1.8,-1.8,-1.8,-1.8,-1.8,-1.8,-1.8,-1.8,-1.8,-1.8,-1.8,-1.8,-1.8,-1.8,-1.8,-1.8,-1.8,-1.8,-1.8,-1.8,-1.8,-1.8,-1.8,-1.8,-1.8,-1.8,-1.8,-1.8,-1.8,-1.8,-1.8,-1.8,-1.8,-1.8,-1.8,-1.8,-1.8,-1.8,-1.8,-1.8,-1.8,-1.8,-1.8,-1.8,-1.8,-1.8,-1.8,-1.8,-1.8,-1.8,-1.8,-1.8,-1.8,-1.8,-1.8,-1.8,-1.8,-1.8,-1.8
20,-1.4,-1.4,-1.4,-1.4,-1.4,-1.4,-1.4,-1.4,-1.4,-1.4,-1.4,-1.4,-1.4,-1.4,-1.4,-1.4,-1.4,-1.4,-1.4,-1.4,-1.4,-1.4,-1.4,-1.4,-1.4,-1.4,-1.4,-1.4,-1.4,-1.4,-1.4,-1.4,-1.4,-1.4,-1.4,-1.4,-1.4,-1.4,-1.4,-1.4,-1.4,-1.4,-1.4,-1.4,-1.4,-1.4,-1.4,-1.4,-1.4,-1.4,-1.4,-1.4,-1.4,-1.4,-1.4,-1.4,-1.4,-1.4,-1.4,-1.4,-1.4,-1.4,-1.4,-1.4,-1.4,-1.4,-1.4,-1.4,-1.4,-1.4,-1.4,-1.4,-1.4,-1.4,-1.4,-1.4,-1.4,-1.4,-1.4,-1.4,-1.4,-1.4,-1.4,-1.4,-1.4,-1.4,-1.4,-1.4,-1.4,-1.4,-1.4,-1.4,-1.4,-1.4,-1.4,-1.4,-1.4,-1.4,-1.4,-1.4,-1.4,-1.4,-1.4,-1.4,-1.4,-1.4,-1.4,-1.4,-1.4,-1.4,-1.4,-1.4,-1.4,-1.4,-1.4,-1.4,-1.4,-1.4,-1.4,-1.4,-1.4,-1.4,-1.4,-1.4,-1.4,-1.4,-1.4,-1.4,-1.4,-1.4,-1.4,-1.4,-1.4,-1.4,-1.4,-1.4,-1.4,-1.4,-1.4,-1.4,-1.4,-1.4,-1.4,-1.4,-1.4,-1.4,-1.4,-1.4,-1.4,-1.4,-1.4,-1.4,-1.4,-1.4,-1.4,-1.4,-1.4,-1.4,-1.4,-1.4,-1.4,-1.4,-1.4,-1.4,-1.4,-1.4,-1.4,-1.4,-1.4,-1.4,-1.4,-1.4,-1.4,-1.4,-1.4,-1.4,-1.4,-1.4,-1.4,-1.4,-1.4,-1.4,-1.4,-1.4,-1.4,-1.4,-1.4,-1.4,-1.4,-1.4,-1.4,-1.4,-1.4,-1.4,-1.4,-1.4,-1.4,-1.4,-1.4,-1.4
21,-1.4,-1.4,-1.4,-1.4,-1.4,-1.4,-1.4,-1.4,-1.4,-1.4,-1.4,-1.4,-1.4,-1.4,-1.4,-1.4,-1.4,-1.4,-1.4,-1.4,-1.4,-1.4,-1.4,-1.4,-1.4,-1.4,-1.4,-1.4,-1.4,-1.4,-1.4,-1.4,-1.4,-1.4,-1.4,-1.4,-1.4,-1.4,-1.4,-1.4,-1.4,-1.4,-1.4,-1.4,-1.4,-1.4,-1.4,-1.4,-1.4,-1.4,-1.4,-1.4,-1.4,-1.4,-1.4,-1.4,-1.4,-1.4,-1.4,-1.4,-1.4,-1.4,-1.4,-1.4,-1.4,-1.4,-1.4,-1.4,-1.4,-1.4,-1.4,-1.4,-1.4,-1.4,-1.4,-1.4,-1.4,-1.4,-1.4,-1.4,-1.4,-1.4,-1.4,-1.4,-1.4,-1.4,-1.4,-1.4,-1.4,-1.4,-1.4,-1.4,-1.4,-1.4,-1.4,-1.4,-1.4,-1.4,-1.4,-1.4,-1.4,-1.4,-1.4,-1.4,-1.4,-1.4,-1.4,-1.4,-1.4,-1.4,-1.4,-1.4,-1.4,-1.4,-1.4,-1.4,-1.4,-1.4,-1.4,-1.4,-1.4,-1.4,-1.4,-1.4,-1.4,-1.4,-1.4,-1.4,-1.4,-1.4,-1.4,-1.4,-1.4,-1.4,-1.4,-1.4,-1.4,-1.4,-1.4,-1.4,-1.4,-1.4,-1.4,-1.4,-1.4,-1.4,-1.4,-1.4,-1.4,-1.4,-1.4,-1.4,-1.4,-1.4,-1.4,-1.4,-1.4,-1.4,-1.4,-1.4,-1.4,-1.4,-1.4,-1.4,-1.4,-1.4,-1.4,-1.4,-1.4,-1.4,-1.4,-1.4,-1.4,-1.4,-1.4,-1.4,-1.4,-1.4,-1.4,-1.4,-1.4,-1.4,-1.4,-1.4,-1.4,-1.4,-1.4,-1.4,-1.4,-1.4,-1.4,-1.4,-1.4,-1.4,-1.4,-1.4,-1.4,-1.4,-1.4,-1.4
22,-1.4,-2.0,-1.4,-2.0,-1.4,-2.0,-1.4,-2.0,-1.4,-2.0,-1.4,-2.0,-1.4,-2.0,-1.4,-2.0,-1.4,-2.0,-1.4,-2.0,-1.4,-2.0,-1.4,-2.0,-1.4,-2.0,-1.4,-2.0,-1.4,-2.0,-1.4,-2.0,-1.4,-2.0,-1.4,-2.0,-1.4,-2.0,-1.4,-2.0,-1.4,-2.0,-1.4,-2.0,-1.4,-2.0,-1.4,-2.0,-1.4,-2.0,-1.4,-2.0,-1.4,-2.0,-1.4,-2.0,-1.4,-2.0,-1.4,-2.0,-1.4,-2.0,-1.4,-2.0,-1.4,-2.0,-1.4,-2.0,-1.4,-2.0,-1.4,-2.0,-1.4,-2.0,-1.4,-2.0,-1.4,-2.0,-1.4,-2.0,-1.4,-2.0,-1.4,-2.0,-1.4,-2.0,-1.4,-2.0,-1.4,-2.0,-1.4,-2.0,-1.4,-2.0,-1.4,-2.0,-1.4,-2.0,-1.4,-2.0,-1.4,-2.0,-1.4,-2.0,-1.4,-2.0,-1.4,-2.0,-1.4,-2.0,-1.4,-2.0,-1.4,-2.0,-1.4,-2.0,-1.4,-2.0,-1.4,-2.0,-1.4,-2.0,-1.4,-2.0,-1.4,-2.0,-1.4,-2.0,-1.4,-2.0,-1.4,-2.0,-1.4,-2.0,-1.4,-2.0,-1.4,-2.0,-1.4,-2.0,-1.4,-2.0,-1.4,-2.0,-1.4,-2.0,-1.4,-2.0,-1.4,-2.0,-1.4,-2.0,-1.4,-2.0,-1.4,-2.0,-1.4,-2.0,-1.4,-2.0,-1.4,-2.0,-1.4,-2.0,-1.4,-2.0,-1.4,-2.0,-1.4,-2.0,-1.4,-2.0,-1.4,-2.0,-1.4,-2.0,-1.4,-2.0,-1.4,-2.0,-1.4,-2.0,-1.4,-2.0,-1.4,-2.0,-1.4,-2.0,-1.4,-2.0,-1.4,-2.0,-1.4,-2.0,-1.4,-2.0,-1.4,-2.0,-1.4,-2.0
23,-1.8,-1.2,-1.8,-1.2,-1.8,-1.2,-1.8,-1.2,-1.8,-1.2,-1.8,-1.2,-1.8,-1.2,-1.8,-1.2,-1.8,-1.2,-1.8,-1.2,-1.8,-1.2,-1.8,-1.2,-1.8,-1.2,-1.8,-1.2,-1.8,-1.2,-1.8,-1.2,-1.8,-1.2,-1.8,-1.2,-1.8,-1.2,-1.8,-1.2,-1.8,-1.2,-1.8,-1.2,-1.8,-1.2,-1.8,-1.2,-1.8,-1.2,-1.8,-1.2,-1.8,-1.2,-1.8,-1.2,-1.8,-1.2,-1.8,-1.2,-1.8,-1.2,-1.8,-1.2,-1.8,-1.2,-1.8,-1.2,-1.8,-1.2,-1.8,-1.2,-1.8,-1.2,-1.8,-1.2,-1.8,-1.2,-1.8,-1.2,-1.8,-1.2,-1.8,-1.2,-1.8,-1.2,-1.8,-1.2,-1.8,-1.2,-1.8,-1.2,-1.8,-1.2,-1.8,-1.2,-1.8,-1.2,-1.8,-1.2,-1.8,-1.2,-1.8,-1.2,-1.8,-1.2,-1.8,-1.2,-1.8,-1.2,-1.8,-1.2,-1.8,-1.2,-1.8,-1.2,-1.8,-1.2,-1.8,-1.2,-1.8,-1.2,-1.8,-1.2,-1.8,-1.2,-1.8,-1.2,-1.8,-1.2,-1.8,-1.2,-1.8,-1.2,-1.8,-1.2,-1.8,-1.2,-1.8,-1.2,-1.8,-1.2,-1.8,-1.2,-1.8,-1.2,-1.8,-1.2,-1.8,-1.2,-1.8,-1.2,-1.8,-1.2,-1.8,-1.2,-1.8,-1.2,-1.8,-1.2,-1.8,-1.2,-1.8,-1.2,-1.8,-1.2,-1.8,-1.2,-1.8,-1.2,-1.8,-1.2,-1.8,-1.2,-1.8,-1.2,-1.8,-1.2,-1.8,-1.2,-1.8,-1.2,-1.8,-1.2,-1.8,-1.2,-1.8,-1.2,-1.8,-1.2,-1.8,-1.2,-1.8,-1.2,-1.8,-1.2,-1.8,-1.2,-1.8,-1.2
24,-1.8,-1.8,-1.8,-1.8,-1.8,-1.8,-1.8,-1.8,-1.8,-1.8,-1.8,-1.8,-1.8,-1.8,-1.8,-1.8,-1.8,-1.8,-1.8,-1.8,-1.8,-1.8,-1.8,-1.8,-1.8,-1.8,-1.8,-1.8,-1.8,-1.8,-1.8,-1.8,-1.8,-1.8,-1.8,-1.8,-1.8,-1.8,-1.8,-1.8,-1.8,-1.8,-1.8,-1.8,-1.8,-1.8,-1.8,-1.8,-1.8,-1.8,-1.8,-1.8,-1.8,-1.8,-1.8,-1.8,-1.8,-1.8,-1.8,-1.8,-1.8,-1.8,-1.8,-1.8,-1.8,-1.8,-1.8,-1.8,-1.8,-1.8,-1.8,-1.8,-1.8,-1.8,-1.8,-1.8,-1.8,-1.8,-1.8,-1.8,-1.8,-1.8,-1.8,-1.8,-1.8,-1.8,-1.8,-1.8,-1.8,-1.8,-1.8,-1.8,-1.8,-1.8,-1.8,-1.8,-1.8,-1.8,-1.8,-1.8,-1.8,-1.8,-1.8,-1.8,-1.8,-1.8,-1.8,-1.8,-1.8,-1.8,-1.8,-1.8,-1.8,-1.8,-1.8,-1.8,-1.8,-1.8,-1.8,-1.8,-1.8,-1.8,-1.8,-1.8,-1.8,-1.8,-1.8,-1.8,-1.8,-1.8,-1.8,-1.8,-1.8,-1.8,-1.8,-1.8,-1.8,-1.8,-1.8,-1.8,-1.8,-1.8,-1.8,-1.8,-1.8,-1.8,-1.8,-1.8,-1.8,-1.8,-1.8,-1.8,-1.8,-1.8,-1.8,-1.8,-1.8,-1.8,-1.8,-1.8,-1.8,-1.8,-1.8,-1.8,-1.8,-1.8,-1.8,-1.8,-1.8,-1.8,-1.8,-1.8,-1.8,-1.8,-1.8,-1.8,-1.8,-1.8,-1.8,-1.8,-1.8,-1.8,-1.8,-1.8,-1.8,-1.8,-1.8,-1.8,-1.8,-1.8,-1.8,-1.8,-1.8,-1.8,-1.8,-1.8,-1.8,-1.8,-1.8,-1.8
25,-1.6,-2.2,-1.6,-2.2,-1.6,-2.2,-1.6,-2.2,-1.6,-2.2,-1.6,-2.2,-1.6,-2.2,-1.6,-2.2,-1.6,-2.2,-1.6,-2.2,-1.6,-2.2,-1.6,-2.2,-1.6,-2.2,-1.6,-2.2,-1.6,-2.2,-1.6,-2.2,-1.6,-2.2,-1.6,-2.2,-1.6,-2.2,-1.6,-2.2,-1.6,-2.2,-1.6,-2.2,-1.6,-2.2,-1.6,-2.2,-1.6,-2.2,-1.6,-2.2,-1.6,-2.2,-1.6,-2.2,-1.6,-2.2,-1.6,-2.2,-1.6,-2.2,-1.6,-2.2,-1.6,-2.2,-1.6,-2.2,-1.6,-2.2,-1.6,-2.2,-1.6,-2.2,-1.6,-2.2,-1.6,-2.2,-1.6,-2.2,-1.6,-2.2,-1.6,-2.2,-1.6,-2.2,-1.6,-2.2,-1.6,-2.2,-1.6,-2.2,-1.6,-2.2,-1.6,-2.2,-1.6,-2.2,-1.6,-2.2,-1.6,-2.2,-1.6,-2.2,-1.6,-2.2,-1.6,-2.2,-1.6,-2.2,-1.6,-2.2,-1.6,-2.2,-1.6,-2.2,-1.6,-2.2,-1.6,-2.2,-1.6,-2.2,-1.6,-2.2,-1.6,-2.2,-1.6,-2.2,-1.6,-2.2,-1.6,-2.2,-1.6,-2.2,-1.6,-2.2,-1.6,-2.2,-1.6,-2.2,-1.6,-2.2,-1.6,-2.2,-1.6,-2.2,-1.6,-2.2,-1.6,-2.2,-1.6,-2.2,-1.6,-2.2,-1.6,-2.2,-1.6,-2.2,-1.6,-2.2,-1.6,-2.2,-1.6,-2.2,-1.6,-2.2,-1.6,-2.2,-1.6,-2.2,-1.6,-2.2,-1.6,-2.2,-1.6,-2.2,-1.6,-2.2,-1.6,-2.2,-1.6,-2.2,-1.6,-2.2,-1.6,-2.2,-1.6,-2.2,-1.6,-2.2,-1.6,-2.2,-1.6,-2.2,-1.6,-2.2,-1.6,-2.2,-1.6,-2.2
26,-1.8,-1.2,-1.8,-1.2,-1.8,-1.2,-1.8,-1.2,-1.8,-1.2,-1.8,-1.2,-1.8,-1.2,-1.8,-1.2,-1.8,-1.2,-1.8,-1.2,-1.8,-1.2,-1.8,-1.2,-1.8,-1.2,-1.8,-1.2,-1.8,-1.2,-1.8,-1.2,-1.8,-1.2,-1.8,-1.2,-1.8,-1.2,-1.8,-1.2,-1.8,-1.2,-1.8,-1.2,-1.8,-1.2,-1.8,-1.2,-1.8,-1.2,-1.8,-1.2,-1.8,-1.2,-1.8,-1.2,-1.8,-1.2,-1.8,-1.2,-1.8,-1.2,-1.8,-1.2,-1.8,-1.2,-1.8,-1.2,-1.8,-1.2,-1.8,-1.2,-1.8,-1.2,-1.8,-1.2,-1.8,-1.2,-1.8,-1.2,-1.8,-1.2,-1.8,-1.2,-1.8,-1.2,-1.8,-1.2,-1.8,-1.2,-1.8,-1.2,-1.8,-1.2,-1.8,-1.2,-1.8,-1.2,-1.8,-1.2,-1.8,-1.2,-1.8,-1.2,-1.8,-1.2,-1.8,-1.2,-1.8,-1.2,-1.8,-1.2,-1.8,-1.2,-1.8,-1.2,-1.8,-1.2,-1.8,-1.2,-1.8,-1.2,-1.8,-1.2,-1.8,-1.2,-1.8,-1.2,-1.8,-1.2,-1.8,-1.2,-1.8,-1.2,-1.8,-1.2,-1.8,-1.2,-1.8,-1.2,-1.8,-1.2,-1.8,-1.2,-1.8,-1.2,-1.8,-1.2,-1.8,-1.2,-1.8,-1.2,-1.8,-1.2,-1.8,-1.2,-1.8,-1.2,-1.8,-1.2,-1.8,-1.2,-1.8,-1.2,-1.8,-1.2,-1.8,-1.2,-1.8,-1.2,-1.8,-1.2,-1.8,-1.2,-1.8,-1.2,-1.8,-1.2,-1.8,-1.2,-1.8,-1.2,-1.8,-1.2,-1.8,-1.2,-1.8,-1.2,-1.8,-1.2,-1.8,-1.2,-1.8,-1.2,-1.8,-1.2,-1.8,-1.2,-1.8,-1.2
27,-1.6,-1.6,-1.6,-1.6,-1.6,-1.6,-1.6,-1.6,-1.6,-1.6,-1.6,-1.6,-1.6,-1.6,-1.6,-1.6,-1.6,-1.6,-1.6,-1.6,-1.6,-1.6,-1.6,-1.6,-1.6,-1.6,-1.6,-1.6,-1.6,-1.6,-1.6,-1.6,-1.6,-1.6,-1.6,-1.6,-1.6,-1.6,-1.6,-1.6,-1.6,-1.6,-1.6,-1.6,-1.6,-1.6,-1.6,-1.6,-1.6,-1.6,-1.6,-1.6,-1.6,-1.6,-1.6,-1.6,-1.6,-1.6,-1.6,-1.6,-1.6,-1.6,-1.6,-1.6,-1.6,-1.6,-1.6,-1.6,-1.6,-1.6,-1.6,-1.6,-1.6,-1.6,-1.6,-1.6,-1.6,-1.6,-1.6,-1.6,-1.6,-1.6,-1.6,-1.6,-1.6,-1.6,-1.6,-1.6,-1.6,-1.6,-1.6,-1.6,-1.6,-1.6,-1.6,-1.6,-1.6,-1.6,-1.6,-1.6,-1.6,-1.6,-1.6,-1.6,-1.6,-1.6,-1.6,-1.6,-1.6,-1.6,-1.6,-1.6,-1.6,-1.6,-1.6,-1.6,-1.6,-1.6,-1.6,-1.6,-1.6,-1.6,-1.6,-1.6,-1.6,-1.6,-1.6,-1.6,-1.6,-1.6,-1.6,-1.6,-1.6,-1.6,-1.6,-1.6,-1.6,-1.6,-1.6,-1.6,-1.6,-1.6,-1.6,-1.6,-1.6,-1.6,-1.6,-1.6,-1.6,-1.6,-1.6,-1.6,-1.6,-1.6,-1.6,-1.6,-1.6,-1.6,-1.6,-1.6,-1.6,-1.6,-1.6,-1.6,-1.6,-1.6,-1.6,-1.6,-1.6,-1.6,-1.6,-1.6,-1.6,-1.6,-1.6,-1.6,-1.6,-1.6,-1.6,-1.6,-1.6,-1.6,-1.6,-1.6,-1.6,-1.6,-1.6,-1.6,-1.6,-1.6,-1.6,-1.6,-1.6,-1.6,-1.6,-1.6,-1.6,-1.6,-1.6,-1.6
28,-1.2,-2.4,-1.2,-2.4,-1.2,-2.4,-1.2,-2.4,-1.2,-2.4,-1.2,-2.4,-1.2,-2.4,-1.2,-2.4,-1.2,-2.4,-1.2,-2.4,-1.2,-2.4,-1.2,-2.4,-1.2,-2.4,-1.2,-2.4,-1.2,-2.4,-1.2,-2.4,-1.2,-2.4,-1.2,-2.4,-1.2,-2.4,-1.2,-2.4,-1.2,-2.4,-1.2,-2.4,-1.2,-2.4,-1.2,-2.4,-1.2,-2.4,-1.2,-2.4,-1.2,-2.4,-1.2,-2.4,-1.2,-2.4,-1.2,-2.4,-1.2,-2.4,-1.2,-2.4,-1.2,-2.4,-1.2,-2.4,-1.2,-2.4,-1.2,-2.4,-1.2,-2.4,-1.2,-2.4,-1.2,-2.4,-1.2,-2.4,-1.2,-2.4,-1.2,-2.4,-1.2,-2.4,-1.2,-2.4,-1.2,-2.4,-1.2,-2.4,-1.2,-2.4,-1.2,-2.4,-1.2,-2.4,-1.2,-2.4,-1.2,-2.4,-1.2,-2.4,-1.2,-2.4,-1.2,-2.4,-1.2,-2.4,-1.2,-2.4,-1.2,-2.4,-1.2,-2.4,-1.2,-2.4,-1.2,-2.4,-1.2,-2.4,-1.2,-2.4,-1.2,-2.4,-1.2,-2.4,-1.2,-2.4,-1.2,-2.4,-1.2,-2.4,-1.2,-2.4,-1.2,-2.4,-1.2,-2.4,-1.2,-2.4,-1.2,-2.4,-1.2,-2.4,-1.2,-2.4,-1.2,-2.4,-1.2,-2.4,-1.2,-2.4,-1.2,-2.4,-1.2,-2.4,-1.2,-2.4,-1.2,-2.4,-1.2,-2.4,-1.2,-2.4,-1.2,-2.4,-1.2,-2.4,-1.2,-2.4,-1.2,-2.4,-1.2,-2.4,-1.2,-2.4,-1.2,-2.4,-1.2,-2.4,-1.2,-2.4,-1.2,-2.4,-1.2,-2.4,-1.2,-2.4,-1.2,-2.4,-1.2,-2.4,-1.2,-2.4,-1.2,-2.4,-1.2,-2.4
29,-1.2,-1.8,-1.2,-1.8,-1.2,-1.8,-1.2,-1.8,-1.2,-1.8,-1.2,-1.8,-1.2,-1.8,-1.2,-1.8,-1.2,-1.8,-1.2,-1.8,-1.2,-1.8,-1.2,-1.8,-1.2,-1.8,-1.2,-1.8,-1.2,-1.8,-1.2,-1.8,-1.2,-1.8,-1.2,-1.8,-1.2,-1.8,-1.2,-1.8,-1.2,-1.8,-1.2,-1.8,-1.2,-1.8,-1.2,-1.8,-1.2,-1.8,-1.2,-1.8,-1.2,-1.8,-1.2,-1.8,-1.2,-1.8,-1.2,-1.8,-1.2,-1.8,-1.2,-1.8,-1.2,-1.8,-1.2,-1.8,-1.2,-1.8,-1.2,-1.8,-1.2,-1.8,-1.2,-1.8,-1.2,-1.8,-1.2,-1.8,-1.2,-1.8,-1.2,-1.8,-1.2,-1.8,-1.2,-1.8,-1.2,-1.8,-1.2,-1.8,-1.2,-1.8,-1.2,-1.8,-1.2,-1.8,-1.2,-1.8,-1.2,-1.8,-1.2,-1.8,-1.2,-1.8,-1.2,-1.8,-1.2,-1.8,-1.2,-1.8,-1.2,-1.8,-1.2,-1.8,-1.2,-1.8,-1.2,-1.8,-1.2,-1.8,-1.2,-1.8,-1.2,-1.8,-1.2,-1.8,-1.2,-1.8,-1.2,-1.8,-1.2,-1.8,-1.2,-1.8,-1.2,-1.8,-1.2,-1.8,-1.2,-1.8,-1.2,-1.8,-1.2,-1.8,-1.2,-1.8,-1.2,-1.8,-1.2,-1.8,-1.2,-1.8,-1.2,-1.8,-1.2,-1.8,-1.2,-1.8,-1.2,-1.8,-1.2,-1.8,-1.2,-1.8,-1.2,-1.8,-1.2,-1.8,-1.2,-1.8,-1.2,-1.8,-1.2,-1.8,-1.2,-1.8,-1.2,-1.8,-1.2,-1.8,-1.2,-1.8,-1.2,-1.8,-1.2,-1.8,-1.2,-1.8,-1.2,-1.8,-1.2,-1.8,-1.2,-1.8,-1.2,-1.8,-1.2,-1.8
30,-1.4,-1.4,-1.4,-1.4,-1.4,-1.4,-1.4,-1.4,-1.4,-1.4,-1.4,-1.4,-1.4,-1.4,-1.4,-1.4,-1.4,-1.4,-1.4,-1.4,-1.4,-1.4,-1.4,-1.4,-1.4,-1.4,-1.4,-1.4,-1.4,-1.4,-1.4,-1.4,-1.4,-1.4,-1.4,-1.4,-1.4,-1.4,-1.4,-1.4,-1.4,-1.4,-1.4,-1.4,-1.4,-1.4,-1.4,-1.4,-1.4,-1.4,-1.4,-1.4,-1.4,-1.4,-1.4,-1.4,-1.4,-1.4,-1.4,-1.4,-1.4,-1.4,-1.4,-1.4,-1.4,-1.4,-1.4,-1.4,-1.4,-1.4,-1.4,-1.4,-1.4,-1.4,-1.4,-1.4,-1.4,-1.4,-1.4,-1.4,-1.4,-1.4,-1.4,-1.4,-1.4,-1.4,-1.4,-1.4,-1.4,-1.4,-1.4,-1.4,-1.4,-1.4,-1.4,-1.4,-1.4,-1.4,-1.4,-1.4,-1.4,-1.4,-1.4,-1.4,-1.4,-1.4,-1.4,-1.4,-1.4,-1.4,-1.4,-1.4,-1.4,-1.4,-1.4,-1.4,-1.4,-1.4,-1.4,-1.4,-1.4,-1.4,-1.4,-1.4,-1.4,-1.4,-1.4,-1.4,-1.4,-1.4,-1.4,-1.4,-1.4,-1.4,-1.4,-1.4,-1.4,-1.4,-1.4,-1.4,-1.4,-1.4,-1.4,-1.4,-1.4,-1.4,-1.4,-1.4,-1.4,-1.4,-1.4,-1.4,-1.4,-1.4,-1.4,-1.4,-1.4,-1.4,-1.4,-1.4,-1.4,-1.4,-1.4,-1.4,-1.4,-1.4,-1.4,-1.4,-1.4,-1.4,-1.4,-1.4,-1.4,-1.4,-1.4,-1.4,-1.4,-1.4,-1.4,-1.4,-1.4,-1.4,-1.4,-1.4,-1.4,-1.4,-1.4,-1.4,-1.4,-1.4,-1.4,-1.4,-1.4,-1.4,-1.4,-1.4,-1.4,-1.4,-1.4,-1.4
31,-1.2,-2.4,-1.2,-2.4,-1.2,-2.4,-1.2,-2.4,-1.2,-2.4,-1.2,-2.4,-1.2,-2.4,-1.2,-2.4,-1.2,-2.4,-1.2,-2.4,-1.2,-2.4,-1.2,-2.4,-1.2,-2.4,-1.2,-2.4,-1.2,-2.4,-1.2,-2.4,-1.2,-2.4,-1.2,-2.4,-1.2,-2.4,-1.2,-2.4,-1.2,-2.4,-1.2,-2.4,-1.2,-2.4,-1.2,-2.4,-1.2,-2.4,-1.2,-2.4,-1.2,-2.4,-1.2,-2.4,-1.2,-2.4,-1.2,-2.4,-1.2,-2.4,-1.2,-2.4,-1.2,-2.4,-1.2,-2.4,-1.2,-2.4,-1.2,-2.4,-1.2,-2.4,-1.2,-2.4,-1.2,-2.4,-1.2,-2.4,-1.2,-2.4,-1.2,-2.4,-1.2,-2.4,-1.2,-2.4,-1.2,-2.4,-1.2,-2.4,-1.2,-2.4,-1.2,-2.4,-1.2,-2.4,-1.2,-2.4,-1.2,-2.4,-1.2,-2.4,-1.2,-2.4,-1.2,-2.4,-1.2,-2.4,-1.2,-2.4,-1.2,-2.4,-1.2,-2.4,-1.2,-2.4,-1.2,-2.4,-1.2,-2.4,-1.2,-2.4,-1.2,-2.4,-1.2,-2.4,-1.2,-2.4,-1.2,-2.4,-1.2,-2.4,-1.2,-2.4,-1.2,-2.4,-1.2,-2.4,-1.2,-2.4,-1.2,-2.4,-1.2,-2.4,-1.2,-2.4,-1.2,-2.4,-1.2,-2.4,-1.2,-2.4,-1.2,-2.4,-1.2,-2.4,-1.2,-2.4,-1.2,-2.4,-1.2,-2.4,-1.2,-2.4,-1.2,-2.4,-1.2,-2.4,-1.2,-2.4,-1.2,-2.4,-1.2,-2.4,-1.2,-2.4,-1.2,-2.4,-1.2,-2.4,-1.2,-2.4,-1.2,-2.4,-1.2,-2.4,-1.2,-2.4,-1.2,-2.4,-1.2,-2.4,-1.2,-2.4,-1.2,-2.4,-1.2,-2.4
32,-1.8,-1.8,-1.8,-1.8,-1.8,-1.8,-1.8,-1.8,-1.8,-1.8,-1.8,-1.8,-1.8,-1.8,-1.8,-1.8,-1.8,-1.8,-1.8,-1.8,-1.8,-1.8,-1.8,-1.8,-1.8,-1.8,-1.8,-1.8,-1.8,-1.8,-1.8,-1.8,-1.8,-1.8,-1.8,-1.8,-1.8,-1.8,-1.8,-1.8,-1.8,-1.8,-1.8,-1.8,-1.8,-1.8,-1.8,-1.8,-1.8,-1.8,-1.8,-1.8,-1.8,-1.8,-1.8,-1.8,-1.8,-1.8,-1.8,-1.8,-1.8,-1.8,-1.8,-1.8,-1.8,-1.8,-1.8,-1.8,-1.8,-1.8,-1.8,-1.8,-1.8,-1.8,-1.8,-1.8,-1.8,-1.8,-1.8,-1.8,-1.8,-1.8,-1.8,-1.8,-1.8,-1.8,-1.8,-1.8,-1.8,-1.8,-1.8,-1.8,-1.8,-1.8,-1.8,-1.8,-1.8,-1.8,-1.8,-1.8,-1.8,-1.8,-1.8,-1.8,-1.8,-1.8,-1.8,-1.8,-1.8,-1.8,-1.8,-1.8,-1.8,-1.8,-1.8,-1.8,-1.8,-1.8,-1.8,-1.8,-1.8,-1.8,-1.8,-1.8,-1.8,-1.8,-1.8,-1.8,-1.8,-1.8,-1.8,-1.8,-1.8,-1.8,-1.8,-1.8,-1.8,-1.8,-1.8,-1.8,-1.8,-1.8,-1.8,-1.8,-1.8,-1.8,-1.8,-1.8,-1.8,-1.8,-1.8,-1.8,-1.8,-1.8,-1.8,-1.8,-1.8,-1.8,-1.8,-1.8,-1.8,-1.8,-1.8,-1.8,-1.8,-1.8,-1.8,-1.8,-1.8,-1.8,-1.8,-1.8,-1.8,-1.8,-1.8,-1.8,-1.8,-1.8,-1.8,-1.8,-1.8,-1.8,-1.8,-1.8,-1.8,-1.8,-1.8,-1.8,-1.8,-1.8,-1.8,-1.8,-1.8,-1.8,-1.8,-1.8,-1.8,-1.8,-1.8,-1.8
33,-1.8,-1.8,-1.8,-1.8,-1.8,-1.8,-1.8,-1.8,-1.8,-1.8,-1.8,-1.8,-1.8,-1.8,-1.8,-1.8,-1.8,-1.8,-1.8,-1.8,-1.8,-1.8,-1.8,-1.8,-1.8,-1.8,-1.8,-1.8,-1.8,-1.8,-1.8,-1.8,-1.8,-1.8,-1.8,-1.8,-1.8,-1.8,-1.8,-1.8,-1.8,-1.8,-1.8,-1.8,-1.8,-1.8,-1.8,-1.8,-1.8,-1.8,-1.8,-1.8,-1.8,-1.8,-1.8,-1.8,-1.8,-1.8,-1.8,-1.8,-1.8,-1.8,-1.8,-1.8,-1.8,-1.8,-1.8,-1.8,-1.8,-1.8,-1.8,-1.8,-1.8,-1.8,-1.8,-1.8,-1.8,-1.8,-1.8,-1.8,-1.8,-1.8,-1.8,-1.8,-1.8,-1.8,-1.8,-1.8,-1.8,-1.8,-1.8,-1.8,-1.8,-1.8,-1.8,-1.8,-1.8,-1.8,-1.8,-1.8,-1.8,-1.8,-1.8,-1.8,-1.8,-1.8,-1.8,-1.8,-1.8,-1.8,-1.8,-1.8,-1.8,-1.8,-1.8,-1.8,-1.8,-1.8,-1.8,-1.8,-1.8,-1.8,-1.8,-1.8,-1.8,-1.8,-1.8,-1.8,-1.8,-1.8,-1.8,-1.8,-1.8,-1.8,-1.8,-1.8,-1.8,-1.8,-1.8,-1.8,-1.8,-1.8,-1.8,-1.8,-1.8,-1.8,-1.8,-1.8,-1.8,-1.8,-1.8,-1.8,-1.8,-1.8,-1.8,-1.8,-1.8,-1.8,-1.8,-1.8,-1.8,-1.8,-1.8,-1.8,-1.8,-1.8,-1.8,-1.8,-1.8,-1.8,-1.8,-1.8,-1.8,-1.8,-1.8,-1.8,-1.8,-1.8,-1.8,-1.8,-1.8,-1.8,-1.8,-1.8,-1.8,-1.8,-1.8,-1.8,-1.8,-1.8,-1.8,-1.8,-1.8,-1.8,-1.8,-1.8,-1.8,-1.8,-1.8,-1.8
34,-1.4,-2.0,-1.4,-2.0,-1.4,-2.0,-1.4,-2.0,-1.4,-2.0,-1.4,-2.0,-1.4,-2.0,-1.4,-2.0,-1.4,-2.0,-1.4,-2.0,-1.4,-2.0,-1.4,-2.0,-1.4,-2.0,-1.4,-2.0,-1.4,-2.0,-1.4,-2.0,-1.4,-2.0,-1.4,-2.0,-1.4,-2.0,-1.4,-2.0,-1.4,-2.0,-1.4,-2.0,-1.4,-2.0,-1.4,-2.0,-1.4,-2.0,-1.4,-2.0,-1.4,-2.0,-1.4,-2.0,-1.4,-2.0,-1.4,-2.0,-1.4,-2.0,-1.4,-2.0,-1.4,-2.0,-1.4,-2.0,-1.4,-2.0,-1.4,-2.0,-1.4,-2.0,-1.4,-2.0,-1.4,-2.0,-1.4,-2.0,-1.4,-2.0,-1.4,-2.0,-1.4,-2.0,-1.4,-2.0,-1.4,-2.0,-1.4,-2.0,-1.4,-2.0,-1.4,-2.0,-1.4,-2.0,-1.4,-2.0,-1.4,-2.0,-1.4,-2.0,-1.4,-2.0,-1.4,-2.0,-1.4,-2.0,-1.4,-2.0,-1.4,-2.0,-1.4,-2.0,-1.4,-2.0,-1.4,-2.0,-1.4,-2.0,-1.4,-2.0,-1.4,-2.0,-1.4,-2.0,-1.4,-2.0,-1.4,-2.0,-1.4,-2.0,-1.4,-2.0,-1.4,-2.0,-1.4,-2.0,-1.4,-2.0,-1.4,-2.0,-1.4,-2.0,-1.4,-2.0,-1.4,-2.0,-1.4,-2.0,-1.4,-2.0,-1.4,-2.0,-1.4,-2.0,-1.4,-2.0,-1.4,-2.0,-1.4,-2.0,-1.4,-2.0,-1.4,-2.0,-1.4,-2.0,-1.4,-2.0,-1.4,-2.0,-1.4,-2.0,-1.4,-2.0,-1.4,-2.0,-1.4,-2.0,-1.4,-2.0,-1.4,-2.0,-1.4,-2.0,-1.4,-2.0,-1.4,-2.0,-1.4,-2.0,-1.4,-2.0,-1.4,-2.0,-1.4,-2.0
35,-1.2,-1.2,-1.2,-1.2,-1.2,-1.2,-1.2,-1.2,-1.2,-1.2,-1.2,-1.2,-1.2,-1.2,-1.2,-1.2,-1.2,-1.2,-1.2,-1.2,-1.2,-1.2,-1.2,-1.2,-1.2,-1.2,-1.2,-1.2,-1.2,-1.2,-1.2,-1.2,-1.2,-1.2,-1.2,-1.2,-1.2,-1.2,-1.2,-1.2,-1.2,-1.2,-1.2,-1.2,-1.2,-1.2,-1.2,-1.2,-1.2,-1.2,-1.2,-1.2,-1.2,-1.2,-1.2,-1.2,-1.2,-1.2,-1.2,-1.2,-1.2,-1.2,-1.2,-1.2,-1.2,-1.2,-1.2,-1.2,-1.2,-1.2,-1.2,-1.2,-1.2,-1.2,-1.2,-1.2,-1.2,-1.2,-1.2,-1.2,-1.2,-1.2,-1.2,-1.2,-1.2,-1.2,-1.2,-1.2,-1.2,-1.2,-1.2,-1.2,-1.2,-1.2,-1.2,-1.2,-1.2,-1.2,-1.2,-1.2,-1.2,-1.2,-1.2,-1.2,-1.2,-1.2,-1.2,-1.2,-1.2,-1.2,-1.2,-1.2,-1.2,-1.2,-1.2,-1.2,-1.2,-1.2,-1.2,-1.2,-1.2,-1.2,-1.2,-1.2,-1.2,-1.2,-1.2,-1.2,-1.2,-1.2,-1.2,-1.2,-1.2,-1.2,-1.2,-1.2,-1.2,-1.2,-1.2,-1.2,-1.2,-1.2,-1.2,-1.2,-1.2,-1.2,-1.2,-1.2,-1.2,-1.2,-1.2,-1.2,-1.2,-1.2,-1.2,-1.2,-1.2,-1.2,-1.2,-1.2,-1.2,-1.2,-1.2,-1.2,-1.2,-1.2,-1.2,-1.2,-1.2,-1.2,-1.2,-1.2,-1.2,-1.2,-1.2,-1.2,-1.2,-1.2,-1.2,-1.2,-1.2,-1.2,-1.2,-1.2,-1.2,-1.2,-1.2,-1.2,-1.2,-1.2,-1.2,-1.2,-1.2,-1.2,-1.2,-1.2,-1.2,-1.2,-1.2,-1.2
36,-1.0,-1.0,-1.0,-1.0,-1.0,-1.0,-1.0,-1.0,-1.0,-1.0,-1.0,-1.0,-1.0,-1.0,-1.0,-1.0,-1.0,-1.0,-1.0,-1.0,-1.0,-1.0,-1.0,-1.0,-1.0,-1.0,-1.0,-1.0,-1.0,-1.0,-1.0,-1.0,-1.0,-1.0,-1.0,-1.0,-1.0,-1.0,-1.0,-1.0,-1.0,-1.0,-1.0,-1.0,-1.0,-1.0,-1.0,-1.0,-1.0,-1.0,-1.0,-1.0,-1.0,-1.0,-1.0,-1.0,-1.0,-1.0,-1.0,-1.0,-1.0,-1.0,-1.0,-1.0,-1.0,-1.0,-1.0,-1.0,-1.0,-1.0,-1.0,-1.0,-1.0,-1.0,-1.0,-1.0,-1.0,-1.0,-1.0,-1.0,-1.0,-1.0,-1.0,-1.0,-1.0,-1.0,-1.0,-1.0,-1.0,-1.0,-1.0,-1.0,-1.0,-1.0,-1.0,-1.0,-1.0,-1.0,-1.0,-1.0,-1.0,-1.0,-1.0,-1.0,-1.0,-1.0,-1.0,-1.0,-1.0,-1.0,-1.0,-1.0,-1.0,-1.0,-1.0,-1.0,-1.0,-1.0,-1.0,-1.0,-1.0,-1.0,-1.0,-1.0,-1.0,-1.0,-1.0,-1.0,-1.0,-1.0,-1.0,-1.0,-1.0,-1.0,-1.0,-1.0,-1.0,-1.0,-1.0,-1.0,-1.0,-1.0,-1.0,-1.0,-1.0,-1.0,-1.0,-1.0,-1.0,-1.0,-1.0,-1.0,-1.0,-1.0,-1.0,-1.0,-1.0,-1.0,-1.0,-1.0,-1.0,-1.0,-1.0,-1.0,-1.0,-1.0,-1.0,-1.0,-1.0,-1.0,-1.0,-1.0,-1.0,-1.0,-1.0,-1.0,-1.0,-1.0,-1.0,-1.0,-1.0,-1.0,-1.0,-1.0,-1.0,-1.0,-1.0,-1.0,-1.0,-1.0,-1.0,-1.0,-1.0,-1.0,-1.0,-1.0,-1.0,-1.0,-1.0,-1.0
37,-1.6,-1.0,-1.6,-1.0,-1.6,-1.0,-1.6,-1.0,-1.6,-1.0,-1.6,-1.0,-1.6,-1.0,-1.6,-1.0,-1.6,-1.0,-1.6,-1.0,-1.6,-1.0,-1.6,-1.0,-1.6,-1.0,-1.6,-1.0,-1.6,-1.0,-1.6,-1.0,-1.6,-1.0,-1.6,-1.0,-1.6,-1.0,-1.6,-1.0,-1.6,-1.0,-1.6,-1.0,-1.6,-1.0,-1.6,-1.0,-1.6,-1.0,-1.6,-1.0,-1.6,-1.0,-1.6,-1.0,-1.6,-1.0,-1.6,-1.0,-1.6,-1.0,-1.6,-1.0,-1.6,-1.0,-1.6,-1.0,-1.6,-1.0,-1.6,-1.0,-1.6,-1.0,-1.6,-1.0,-1.6,-1.0,-1.6,-1.0,-1.6,-1.0,-1.6,-1.0,-1.6,-1.0,-1.6,-1.0,-1.6,-1.0,-1.6,-1.0,-1.6,-1.0,-1.6,-1.0,-1.6,-1.0,-1.6,-1.0,-1.6,-1.0,-1.6,-1.0,-1.6,-1.0,-1.6,-1.0,-1.6,-1.0,-1.6,-1.0,-1.6,-1.0,-1.6,-1.0,-1.6,-1.0,-1.6,-1.0,-1.6,-1.0,-1.6,-1.0,-1.6,-1.0,-1.6,-1.0,-1.6,-1.0,-1.6,-1.0,-1.6,-1.0,-1.6,-1.0,-1.6,-1.0,-1.6,-1.0,-1.6,-1.0,-1.6,-1.0,-1.6,-1.0,-1.6,-1.0,-1.6,-1.0,-1.6,-1.0,-1.6,-1.0,-1.6,-1.0,-1.6,-1.0,-1.6,-1.0,-1.6,-1.0,-1.6,-1.0,-1.6,-1.0,-1.6,-1.0,-1.6,-1.0,-1.6,-1.0,-1.6,-1.0,-1.6,-1.0,-1.6,-1.0,-1.6,-1.0,-1.6,-1.0,-1.6,-1.0,-1.6,-1.0,-1.6,-1.0,-1.6,-1.0,-1.6,-1.0,-1.6,-1.0,-1.6,-1.0,-1.6,-1.0,-1.6,-1.0
38,-2.2,-1.0,-2.2,-1.0,-2.2,-1.0,-2.2,-1.0,-2.2,-1.0,-2.2,-1.0,-2.2,-1.0,-2.2,-1.0,-2.2,-1.0,-2.2,-1.0,-2.2,-1.0,-2.2,-1.0,-2.2,-1.0,-2.2,-1.0,-2.2,-1.0,-2.2,-1.0,-2.2,-1.0,-2.2,-1.0,-2.2,-1.0,-2.2,-1.0,-2.2,-1.0,-2.2,-1.0,-2.2,-1.0,-2.2,-1.0,-2.2,-1.0,-2.2,-1.0,-2.2,-1.0,-2.2,-1.0,-2.2,-1.0,-2.2,-1.0,-2.2,-1.0,-2.2,-1.0,-2.2,-1.0,-2.2,-1.0,-2.2,-1.0,-2.2,-1.0,-2.2,-1.0,-2.2,-1.0,-2.2,-1.0,-2.2,-1.0,-2.2,-1.0,-2.2,-1.0,-2.2,-1.0,-2.2,-1.0,-2.2,-1.0,-2.2,-1.0,-2.2,-1.0,-2.2,-1.0,-2.2,-1.0,-2.2,-1.0,-2.2,-1.0,-2.2,-1.0,-2.2,-1.0,-2.2,-1.0,-2.2,-1.0,-2.2,-1.0,-2.2,-1.0,-2.2,-1.0,-2.2,-1.0,-2.2,-1.0,-2.2,-1.0,-2.2,-1.0,-2.2,-1.0,-2.2,-1.0,-2.2,-1.0,-2.2,-1.0,-2.2,-1.0,-2.2,-1.0,-2.2,-1.0,-2.2,-1.0,-2.2,-1.0,-2.2,-1.0,-2.2,-1.0,-2.2,-1.0,-2.2,-1.0,-2.2,-1.0,-2.2,-1.0,-2.2,-1.0,-2.2,-1.0,-2.2,-1.0,-2.2,-1.0,-2.2,-1.0,-2.2,-1.0,-2.2,-1.0,-2.2,-1.0,-2.2,-1.0,-2.2,-1.0,-2.2,-1.0,-2.2,-1.0,-2.2,-1.0,-2.2,-1.0,-2.2,-1.0,-2.2,-1.0,-2.2,-1.0,-2.2,-1.0,-2.2,-1.0,-2.2,-1.0,-2.2,-1.0,-2.2,-1.0,-2.2,-1.0
39,-1.8,-1.8,-1.8,-1.8,-1.8,-1.8,-1.8,-1.8,-1.8,-1.8,-1.8,-1.8,-1.8,-1.8,-1.8,-1.8,-1.8,-1.8,-1.8,-1.8,-1.8,-1.8,-1.8,-1.8,-1.8,-1.8,-1.8,-1.8,-1.8,-1.8,-1.8,-1.8,-1.8,-1.8,-1.8,-1.8,-1.8,-1.8,-1.8,-1.8,-1.8,-1.8,-1.8,-1.8,-1.8,-1.8,-1.8,-1.8,-1.8,-1.8,-1.8,-1.8,-1.8,-1.8,-1.8,-1.8,-1.8,-1.8,-1.8,-1.8,-1.8,-1.8,-1.8,-1.8,-1.8,-1.8,-1.8,-1.8,-1.8,-1.8,-1.8,-1.8,-1.8,-1.8,-1.8,-1.8,-1.8,-1.8,-1.8,-1.8,-1.8,-1.8,-1.8,-1.8,-1.8,-1.8,-1.8,-1.8,-1.8,-1.8,-1.8,-1.8,-1.8,-1.8,-1.8,-1.8,-1.8,-1.8,-1.8,-1.8,-1.8,-1.8,-1.8,-1.8,-1.8,-1.8,-1.8,-1.8,-1.8,-1.8,-1.8,-1.8,-1.8,-1.8,-1.8,-1.8,-1.8,-1.8,-1.8,-1.8,-1.8,-1.8,-1.8,-1.8,-1.8,-1.8,-1.8,-1.8,-1.8,-1.8,-1.8,-1.8,-1.8,-1.8,-1.8,-1.8,-1.8,-1.8,-1.8,-1.8,-1.8,-1.8,-1.8,-1.8,-1.8,-1.8,-1.8,-1.8,-1.8,-1.8,-1.8,-1.8,-1.8,-1.8,-1.8,-1.8,-1.8,-1.8,-1.8,-1.8,-1.8,-1.8,-1.8,-1.8,-1.8,-1.8,-1.8,-1.8,-1.8,-1.8,-1.8,-1.8,-1.8,-1.8,-1.8,-1.8,-1.8,-1.8,-1.8,-1.8,-1.8,-1.8,-1.8,-1.8,-1.8,-1.8,-1.8,-1.8,-1.8,-1.8,-1.8,-1.8,-1.8,-1.8,-1.8,-1.8,-1.8,-1.8,-1.8,-1.8
40,-1.2,-1.8,-1.2,-1.8,-1.2,-1.8,-1.2,-1.8,-1.2,-1.8,-1.2,-1.8,-1.2,-1.8,-1.2,-1.8,-1.2,-1.8,-1.2,-1.8,-1.2,-1.8,-1.2,-1.8,-1.2,-1.8,-1.2,-1.8,-1.2,-1.8,-1.2,-1.8,-1.2,-1.8,-1.2,-1.8,-1.2,-1.8,-1.2,-1.8,-1.2,-1.8,-1.2,-1.8,-1.2,-1.8,-1.2,-1.8,-1.2,-1.8,-1.2,-1.8,-1.2,-1.8,-1.2,-1.8,-1.2,-1.8,-1.2,-1.8,-1.2,-1.8,-1.2,-1.8,-1.2,-1.8,-1.2,-1.8,-1.2,-1.8,-1.2,-1.8,-1.2,-1.8,-1.2,-1.8,-1.2,-1.8,-1.2,-1.8,-1.2,-1.8,-1.2,-1.8,-1.2,-1.8,-1.2,-1.8,-1.2,-1.8,-1.2,-1.8,-1.2,-1.8,-1.2,-1.8,-1.2,-1.8,-1.2,-1.8,-1.2,-1.8,-1.2,-1.8,-1.2,-1.8,-1.2,-1.8,-1.2,-1.8,-1.2,-1.8,-1.2,-1.8,-1.2,-1.8,-1.2,-1.8,-1.2,-1.8,-1.2,-1.8,-1.2,-1.8,-1.2,-1.8,-1.2,-1.8,-1.2,-1.8,-1.2,-1.8,-1.2,-1.8,-1.2,-1.8,-1.2,-1.8,-1.2,-1.8,-1.2,-1.8,-1.2,-1.8,-1.2,-1.8,-1.2,-1.8,-1.2,-1.8,-1.2,-1.8,-1.2,-1.8,-1.2,-1.8,-1.2,-1.8,-1.2,-1.8,-1.2,-1.8,-1.2,-1.8,-1.2,-1.8,-1.2,-1.8,-1.2,-1.8,-1.2,-1.8,-1.2,-1.8,-1.2,-1.8,-1.2,-1.8,-1.2,-1.8,-1.2,-1.8,-1.2,-1.8,-1.2,-1.8,-1.2,-1.8,-1.2,-1.8,-1.2,-1.8,-1.2,-1.8,-1.2,-1.8,-1.2,-1.8,-1.2,-1.8
41,-1.0,-1.0,-1.0,-1.0,-1.0,-1.0,-1.0,-1.0,-1.0,-1.0,-1.0,-1.0,-1.0,-1.0,-1.0,-1.0,-1.0,-1.0,-1.0,-1.0,-1.0,-1.0,-1.0,-1.0,-1.0,-1.0,-1.0,-1.0,-1.0,-1.0,-1.0,-1.0,-1.0,-1.0,-1.0,-1.0,-1.0,-1.0,-1.0,-1.0,-1.0,-1.0,-1.0,-1.0,-1.0,-1.0,-1.0,-1.0,-1.0,-1.0,-1.0,-1.0,-1.0,-1.0,-1.0,-1.0,-1.0,-1.0,-1.0,-1.0,-1.0,-1.0,-1.0,-1.0,-1.0,-1.0,-1.0,-1.0,-1.0,-1.0,-1.0,-1.0,-1.0,-1.0,-1.0,-1.0,-1.0,-1.0,-1.0,-1.0,-1.0,-1.0,-1.0,-1.0,-1.0,-1.0,-1.0,-1.0,-1.0,-1.0,-1.0,-1.0,-1.0,-1.0,-1.0,-1.0,-1.0,-1.0,-1.0,-1.0,-1.0,-1.0,-1.0,-1.0,-1.0,-1.0,-1.0,-1.0,-1.0,-1.0,-1.0,-1.0,-1.0,-1.0,-1.0,-1.0,-1.0,-1.0,-1.0,-1.0,-1.0,-1.0,-1.0,-1.0,-1.0,-1.0,-1.0,-1.0,-1.0,-1.0,-1.0,-1.0,-1.0,-1.0,-1.0,-1.0,-1.0,-1.0,-1.0,-1.0,-1.0,-1.0,-1.0,-1.0,-1.0,-1.0,-1.0,-1.0,-1.0,-1.0,-1.0,-1.0,-1.0,-1.0,-1.0,-1.0,-1.0,-1.0,-1.0,-1.0,-1.0,-1.0,-1.0,-1.0,-1.0,-1.0,-1.0,-1.0,-1.0,-1.0,-1.0,-1.0,-1.0,-1.0,-1.0,-1.0,-1.0,-1.0,-1.0,-1.0,-1.0,-1.0,-1.0,-1.0,-1.0,-1.0,-1.0,-1.0,-1.0,-1.0,-1.0,-1.0,-1.0,-1.0,-1.0,-1.0,-1.0,-1.0,-1.0,-1.0
42,-1.0,-1.0,-1.0,-1.0,-1.0,-1.0,-1.0,-1.0,-1.0,-1.0,-1.0,-1.0,-1.0,-1.0,-1.0,-1.0,-1.0,-1.0,-1.0,-1.0,-1.0,-1.0,-1.0,-1.0,-1.0,-1.0,-1.0,-1.0,-1.0,-1.0,-1.0,-1.0,-1.0,-1.0,-1.0,-1.0,-1.0,-1.0,-1.0,-1.0,-1.0,-1.0,-1.0,-1.0,-1.0,-1.0,-1.0,-1.0,-1.0,-1.0,-1.0,-1.0,-1.0,-1.0,-1.0,-1.0,-1.0,-1.0,-1.0,-1.0,-1.0,-1.0,-1.0,-1.0,-1.0,-1.0,-1.0,-1.0,-1.0,-1.0,-1.0,-1.0,-1.0,-1.0,-1.0,-1.0,-1.0,-1.0,-1.0,-1.0,-1.0,-1.0,-1.0,-1.0,-1.0,-1.0,-1.0,-1.0,-1.0,-1.0,-1.0,-1.0,-1.0,-1.0,-1.0,-1.0,-1.0,-1.0,-1.0,-1.0,-1.0,-1.0,-1.0,-1.0,-1.0,-1.0,-1.0,-1.0,-1.0,-1.0,-1.0,-1.0,-1.0,-1.0,-1.0,-1.0,-1.0,-1.0,-1.0,-1.0,-1.0,-1.0,-1.0,-1.0,-1.0,-1.0,-1.0,-1.0,-1.0,-1.0,-1.0,-1.0,-1.0,-1.0,-1.0,-1.0,-1.0,-1.0,-1.0,-1.0,-1.0,-1.0,-1.0,-1.0,-1.0,-1.0,-1.0,-1.0,-1.0,-1.0,-1.0,-1.0,-1.0,-1.0,-1.0,-1.0,-1.0,-1.0,-1.0,-1.0,-1.0,-1.0,-1.0,-1.0,-1.0,-1.0,-1.0,-1.0,-1.0,-1.0,-1.0,-1.0,-1.0,-1.0,-1.0,-1.0,-1.0,-1.0,-1.0,-1.0,-1.0,-1.0,-1.0,-1.0,-1.0,-1.0,-1.0,-1.0,-1.0,-1.0,-1.0,-1.0,-1.0,-1.0,-1.0,-1.0,-1.0,-1.0,-1.0,-1.0
43,-1.0,-1.0,-1.0,-1.0,-1.0,-1.0,-1.0,-1.0,-1.0,-1.0,-1.0,-1.0,-1.0,-1.0,-1.0,-1.0,-1.0,-1.0,-1.0,-1.0,-1.0,-1.0,-1.0,-1.0,-1.0,-1.0,-1.0,-1.0,-1.0,-1.0,-1.0,-1.0,-1.0,-1.0,-1.0,-1.0,-1.0,-1.0,-1.0,-1.0,-1.0,-1.0,-1.0,-1.0,-1.0,-1.0,-1.0,-1.0,-1.0,-1.0,-1.0,-1.0,-1.0,-1.0,-1.0,-1.0,-1.0,-1.0,-1.0,-1.0,-1.0,-1.0,-1.0,-1.0,-1.0,-1.0,-1.0,-1.0,-1.0,-1.0,-1.0,-1.0,-1.0,-1.0,-1.0,-1.0,-1.0,-1.0,-1.0,-1.0,-1.0,-1.0,-1.0,-1.0,-1.0,-1.0,-1.0,-1.0,-1.0,-1.0,-1.0,-1.0,-1.0,-1.0,-1.0,-1.0,-1.0,-1.0,-1.0,-1.0,-1.0,-1.0,-1.0,-1.0,-1.0,-1.0,-1.0,-1.0,-1.0,-1.0,-1.0,-1.0,-1.0,-1.0,-1.0,-1.0,-1.0,-1.0,-1.0,-1.0,-1.0,-1.0,-1.0,-1.0,-1.0,-1.0,-1.0,-1.0,-1.0,-1.0,-1.0,-1.0,-1.0,-1.0,-1.0,-1.0,-1.0,-1.0,-1.0,-1.0,-1.0,-1.0,-1.0,-1.0,-1.0,-1.0,-1.0,-1.0,-1.0,-1.0,-1.0,-1.0,-1.0,-1.0,-1.0,-1.0,-1.0,-1.0,-1.0,-1.0,-1.0,-1.0,-1.0,-1.0,-1.0,-1.0,-1.0,-1.0,-1.0,-1.0,-1.0,-1.0,-1.0,-1.0,-1.0,-1.0,-1.0,-1.0,-1.0,-1.0,-1.0,-1.0,-1.0,-1.0,-1.0,-1.0,-1.0,-1.0,-1.0,-1.0,-1.0,-1.0,-1.0,-1.0,-1.0,-1.0,-1.0,-1.0,-1.0,-1.0
44,-1.0,-1.0,-1.0,-1.0,-1.0,-1.0,-1.0,-1.0,-1.0,-1.0,-1.0,-1.0,-1.0,-1.0,-1.0,-1.0,-1.0,-1.0,-1.0,-1.0,-1.0,-1.0,-1.0,-1.0,-1.0,-1.0,-1.0,-1.0,-1.0,-1.0,-1.0,-1.0,-1.0,-1.0,-1.0,-1.0,-1.0,-1.0,-1.0,-1.0,-1.0,-1.0,-1.0,-1.0,-1.0,-1.0,-1.0,-1.0,-1.0,-1.0,-1.0,-1.0,-1.0,-1.0,-1.0,-1.0,-1.0,-1.0,-1.0,-1.0,-1.0,-1.0,-1.0,-1.0,-1.0,-1.0,-1.0,-1.0,-1.0,-1.0,-1.0,-1.0,-1.0,-1.0,-1.0,-1.0,-1.0,-1.0,-1.0,-1.0,-1.0,-1.0,-1.0,-1.0,-1.0,-1.0,-1.0,-1.0,-1.0,-1.0,-1.0,-1.0,-1.0,-1.0,-1.0,-1.0,-1.0,-1.0,-1.0,-1.0,-1.0,-1.0,-1.0,-1.0,-1.0,-1.0,-1.0,-1.0,-1.0,-1.0,-1.0,-1.0,-1.0,-1.0,-1.0,-1.0,-1.0,-1.0,-1.0,-1.0,-1.0,-1.0,-1.0,-1.0,-1.0,-1.0,-1.0,-1.0,-1.0,-1.0,-1.0,-1.0,-1.0,-1.0,-1.0,-1.0,-1.0,-1.0,-1.0,-1.0,-1.0,-1.0,-1.0,-1.0,-1.0,-1.0,-1.0,-1.0,-1.0,-1.0,-1.0,-1.0,-1.0,-1.0,-1.0,-1.0,-1.0,-1.0,-1.0,-1.0,-1.0,-1.0,-1.0,-1.0,-1.0,-1.0,-1.0,-1.0,-1.0,-1.0,-1.0,-1.0,-1.0,-1.0,-1.0,-1.0,-1.0,-1.0,-1.0,-1.0,-1.0,-1.0,-1.0,-1.0,-1.0,-1.0,-1.0,-1.0,-1.0,-1.0,-1.0,-1.0,-1.0,-1.0,-1.0,-1.0,-1.0,-1.0,-1.0,-1.0
45,-1.8,-0.6,-1.8,-0.6,-1.8,-0.6,-1.8,-0.6,-1.8,-0.6,-1.8,-0.6,-1.8,-0.6,-1.8,-0.6,-1.8,-0.6,-1.8,-0.6,-1.8,-0.6,-1.8,-0.6,-1.8,-0.6,-1.8,-0.6,-1.8,-0.6,-1.8,-0.6,-1.8,-0.6,-1.8,-0.6,-1.8,-0.6,-1.8,-0.6,-1.8,-0.6,-1.8,-0.6,-1.8,-0.6,-1.8,-0.6,-1.8,-0.6,-1.8,-0.6,-1.8,-0.6,-1.8,-0.6,-1.8,-0.6,-1.8,-0.6,-1.8,-0.6,-1.8,-0.6,-1.8,-0.6,-1.8,-0.6,-1.8,-0.6,-1.8,-0.6,-1.8,-0.6,-1.8,-0.6,-1.8,-0.6,-1.8,-0.6,-1.8,-0.6,-1.8,-0.6,-1.8,-0.6,-1.8,-0.6,-1.8,-0.6,-1.8,-0.6,-1.8,-0.6,-1.8,-0.6,-1.8,-0.6,-1.8,-0.6,-1.8,-0.6,-1.8,-0.6,-1.8,-0.6,-1.8,-0.6,-1.8,-0.6,-1.8,-0.6,-1.8,-0.6,-1.8,-0.6,-1.8,-0.6,-1.8,-0.6,-1.8,-0.6,-1.8,-0.6,-1.8,-0.6,-1.8,-0.6,-1.8,-0.6,-1.8,-0.6,-1.8,-0.6,-1.8,-0.6,-1.8,-0.6,-1.8,-0.6,-1.8,-0.6,-1.8,-0.6,-1.8,-0.6,-1.8,-0.6,-1.8,-0.6,-1.8,-0.6,-1.8,-0.6,-1.8,-0.6,-1.8,-0.6,-1.8,-0.6,-1.8,-0.6,-1.8,-0.6,-1.8,-0.6,-1.8,-0.6,-1.8,-0.6,-1.8,-0.6,-1.8,-0.6,-1.8,-0.6,-1.8,-0.6,-1.8,-0.6,-1.8,-0.6,-1.8,-0.6,-1.8,-0.6,-1.8,-0.6,-1.8,-0.6,-1.8,-0.6,-1.8,-0.6,-1.8,-0.6,-1.8,-0.6,-1.8,-0.6
46,-2.2,-1.0,-2.2,-1.0,-2.2,-1.0,-2.2,-1.0,-2.2,-1.0,-2.2,-1.0,-2.2,-1.0,-2.2,-1.0,-2.2,-1.0,-2.2,-1.0,-2.2,-1.0,-2.2,-1.0,-2.2,-1.0,-2.2,-1.0,-2.2,-1.0,-2.2,-1.0,-2.2,-1.0,-2.2,-1.0,-2.2,-1.0,-2.2,-1.0,-2.2,-1.0,-2.2,-1.0,-2.2,-1.0,-2.2,-1.0,-2.2,-1.0,-2.2,-1.0,-2.2,-1.0,-2.2,-1.0,-2.2,-1.0,-2.2,-1.0,-2.2,-1.0,-2.2,-1.0,-2.2,-1.0,-2.2,-1.0,-2.2,-1.0,-2.2,-1.0,-2.2,-1.0,-2.2,-1.0,-2.2,-1.0,-2.2,-1.0,-2.2,-1.0,-2.2,-1.0,-2.2,-1.0,-2.2,-1.0,-2.2,-1.0,-2.2,-1.0,-2.2,-1.0,-2.2,-1.0,-2.2,-1.0,-2.2,-1.0,-2.2,-1.0,-2.2,-1.0,-2.2,-1.0,-2.2,-1.0,-2.2,-1.0,-2.2,-1.0,-2.2,-1.0,-2.2,-1.0,-2.2,-1.0,-2.2,-1.0,-2.2,-1.0,-2.2,-1.0,-2.2,-1.0,-2.2,-1.0,-2.2,-1.0,-2.2,-1.0,-2.2,-1.0,-2.2,-1.0,-2.2,-1.0,-2.2,-1.0,-2.2,-1.0,-2.2,-1.0,-2.2,-1.0,-2.2,-1.0,-2.2,-1.0,-2.2,-1.0,-2.2,-1.0,-2.2,-1.0,-2.2,-1.0,-2.2,-1.0,-2.2,-1.0,-2.2,-1.0,-2.2,-1.0,-2.2,-1.0,-2.2,-1.0,-2.2,-1.0,-2.2,-1.0,-2.2,-1.0,-2.2,-1.0,-2.2,-1.0,-2.2,-1.0,-2.2,-1.0,-2.2,-1.0,-2.2,-1.0,-2.2,-1.0,-2.2,-1.0,-2.2,-1.0,-2.2,-1.0,-2.2,-1.0,-2.2,-1.0
47,-1.2,-1.2,-1.2,-1.2,-1.2,-1.2,-1.2,-1.2,-1.2,-1.2,-1.2,-1.2,-1.2,-1.2,-1.2,-1.2,-1.2,-1.2,-1.2,-1.2,-1.2,-1.2,-1.2,-1.2,-1.2,-1.2,-1.2,-1.2,-1.2,-1.2,-1.2,-1.2,-1.2,-1.2,-1.2,-1.2,-1.2,-1.2,-1.2,-1.2,-1.2,-1.2,-1.2,-1.2,-1.2,-1.2,-1.2,-1.2,-1.2,-1.2,-1.2,-1.2,-1.2,-1.2,-1.2,-1.2,-1.2,-1.2,-1.2,-1.2,-1.2,-1.2,-1.2,-1.2,-1.2,-1.2,-1.2,-1.2,-1.2,-1.2,-1.2,-1.2,-1.2,-1.2,-1.2,-1.2,-1.2,-1.2,-1.2,-1.2,-1.2,-1.2,-1.2,-1.2,-1.2,-1.2,-1.2,-1.2,-1.2,-1.2,-1.2,-1.2,-1.2,-1.2,-1.2,-1.2,-1.2,-1.2,-1.2,-1.2,-1.2,-1.2,-1.2,-1.2,-1.2,-1.2,-1.2,-1.2,-1.2,-1.2,-1.2,-1.2,-1.2,-1.2,-1.2,-1.2,-1.2,-1.2,-1.2,-1.2,-1.2,-1.2,-1.2,-1.2,-1.2,-1.2,-1.2,-1.2,-1.2,-1.2,-1.2,-1.2,-1.2,-1.2,-1.2,-1.2,-1.2,-1.2,-1.2,-1.2,-1.2,-1.2,-1.2,-1.2,-1.2,-1.2,-1.2,-1.2,-1.2,-1.2,-1.2,-1.2,-1.2,-1.2,-1.2,-1.2,-1.2,-1.2,-1.2,-1.2,-1.2,-1.2,-1.2,-1.2,-1.2,-1.2,-1.2,-1.2,-1.2,-1.2,-1.2,-1.2,-1.2,-1.2,-1.2,-1.2,-1.2,-1.2,-1.2,-1.2,-1.2,-1.2,-1.2,-1.2,-1.2,-1.2,-1.2,-1.2,-1.2,-1.2,-1.2,-1.2,-1.2,-1.2,-1.2,-1.2,-1.2,-1.2,-1.2,-1.2
48,-1.4,-0.8,-1.4,-0.8,-1.4,-0.8,-1.4,-0.8,-1.4,-0.8,-1.4,-0.8,-1.4,-0.8,-1.4,-0.8,-1.4,-0.8,-1.4,-0.8,-1.4,-0.8,-1.4,-0.8,-1.4,-0.8,-1.4,-0.8,-1.4,-0.8,-1.4,-0.8,-1.4,-0.8,-1.4,-0.8,-1.4,-0.8,-1.4,-0.8,-1.4,-0.8,-1.4,-0.8,-1.4,-0.8,-1.4,-0.8,-1.4,-0.8,-1.4,-0.8,-1.4,-0.8,-1.4,-0.8,-1.4,-0.8,-1.4,-0.8,-1.4,-0.8,-1.4,-0.8,-1.4,-0.8,-1.4,-0.8,-1.4,-0.8,-1.4,-0.8,-1.4,-0.8,-1.4,-0.8,-1.4,-0.8,-1.4,-0.8,-1.4,-0.8,-1.4,-0.8,-1.4,-0.8,-1.4,-0.8,-1.4,-0.8,-1.4,-0.8,-1.4,-0.8,-1.4,-0.8,-1.4,-0.8,-1.4,-0.8,-1.4,-0.8,-1.4,-0.8,-1.4,-0.8,-1.4,-0.8,-1.4,-0.8,-1.4,-0.8,-1.4,-0.8,-1.4,-0.8,-1.4,-0.8,-1.4,-0.8,-1.4,-0.8,-1.4,-0.8,-1.4,-0.8,-1.4,-0.8,-1.4,-0.8,-1.4,-0.8,-1.4,-0.8,-1.4,-0.8,-1.4,-0.8,-1.4,-0.8,-1.4,-0.8,-1.4,-0.8,-1.4,-0.8,-1.4,-0.8,-1.4,-0.8,-1.4,-0.8,-1.4,-0.8,-1.4,-0.8,-1.4,-0.8,-1.4,-0.8,-1.4,-0.8,-1.4,-0.8,-1.4,-0.8,-1.4,-0.8,-1.4,-0.8,-1.4,-0.8,-1.4,-0.8,-1.4,-0.8,-1.4,-0.8,-1.4,-0.8,-1.4,-0.8,-1.4,-0.8,-1.4,-0.8,-1.4,-0.8,-1.4,-0.8,-1.4,-0.8,-1.4,-0.8,-1.4,-0.8,-1.4,-0.8,-1.4,-0.8
49,-1.6,-1.0,-1.6,-1.0,-1.6,-1.0,-1.6,-1.0,-1.6,-1.0,-1.6,-1.0,-1.6,-1.0,-1.6,-1.0,-1.6,-1.0,-1.6,-1.0,-1.6,-1.0,-1.6,-1.0,-1.6,-1.0,-1.6,-1.0,-1.6,-1.0,-1.6,-1.0,-1.6,-1.0,-1.6,-1.0,-1.6,-1.0,-1.6,-1.0,-1.6,-1.0,-1.6,-1.0,-1.6,-1.0,-1.6,-1.0,-1.6,-1.0,-1.6,-1.0,-1.6,-1.0,-1.6,-1.0,-1.6,-1.0,-1.6,-1.0,-1.6,-1.0,-1.6,-1.0,-1.6,-1.0,-1.6,-1.0,-1.6,-1.0,-1.6,-1.0,-1.6,-1.0,-1.6,-1.0,-1.6,-1.0,-1.6,-1.0,-1.6,-1.0,-1.6,-1.0,-1.6,-1.0,-1.6,-1.0,-1.6,-1.0,-1.6,-1.0,-1.6,-1.0,-1.6,-1.0,-1.6,-1.0,-1.6,-1.0,-1.6,-1.0,-1.6,-1.0,-1.6,-1.0,-1.6,-1.0,-1.6,-1.0,-1.6,-1.0,-1.6,-1.0,-1.6,-1.0,-1.6,-1.0,-1.6,-1.0,-1.6,-1.0,-1.6,-1.0,-1.6,-1.0,-1.6,-1.0,-1.6,-1.0,-1.6,-1.0,-1.6,-1.0,-1.6,-1.0,-1.6,-1.0,-1.6,-1.0,-1.6,-1.0,-1.6,-1.0,-1.6,-1.0,-1.6,-1.0,-1.6,-1.0,-1.6,-1.0,-1.6,-1.0,-1.6,-1.0,-1.6,-1.0,-1.6,-1.0,-1.6,-1.0,-1.6,-1.0,-1.6,-1.0,-1.6,-1.0,-1.6,-1.0,-1.6,-1.0,-1.6,-1.0,-1.6,-1.0,-1.6,-1.0,-1.6,-1.0,-1.6,-1.0,-1.6,-1.0,-1.6,-1.0,-1.6,-1.0,-1.6,-1.0,-1.6,-1.0,-1.6,-1.0,-1.6,-1.0,-1.6,-1.0,-1.6,-1.0
50,-1.6,-1.0,-1.6,-1.0,-1.6,-1.0,-1.6,-1.0,-1.6,-1.0,-1.6,-1.0,-1.6,-1.0,-1.6,-1.0,-1.6,-1.0,-1.6,-1.0,-1.6,-1.0,-1.6,-1.0,-1.6,-1.0,-1.6,-1.0,-1.6,-1.0,-1.6,-1.0,-1.6,-1.0,-1.6,-1.0,-1.6,-1.0,-1.6,-1.0,-1.6,-1.0,-1.6,-1.0,-1.6,-1.0,-1.6,-1.0,-1.6,-1.0,-1.6,-1.0,-1.6,-1.0,-1.6,-1.0,-1.6,-1.0,-1.6,-1.0,-1.6,-1.0,-1.6,-1.0,-1.6,-1.0,-1.6,-1.0,-1.6,-1.0,-1.6,-1.0,-1.6,-1.0,-1.6,-1.0,-1.6,-1.0,-1.6,-1.0,-1.6,-1.0,-1.6,-1.0,-1.6,-1.0,-1.6,-1.0,-1.6,-1.0,-1.6,-1.0,-1.6,-1.0,-1.6,-1.0,-1.6,-1.0,-1.6,-1.0,-1.6,-1.0,-1.6,-1.0,-1.6,-1.0,-1.6,-1.0,-1.6,-1.0,-1.6,-1.0,-1.6,-1.0,-1.6,-1.0,-1.6,-1.0,-1.6,-1.0,-1.6,-1.0,-1.6,-1.0,-1.6,-1.0,-1.6,-1.0,-1.6,-1.0,-1.6,-1.0,-1.6,-1.0,-1.6,-1.0,-1.6,-1.0,-1.6,-1.0,-1.6,-1.0,-1.6,-1.0,-1.6,-1.0,-1.6,-1.0,-1.6,-1.0,-1.6,-1.0,-1.6,-1.0,-1.6,-1.0,-1.6,-1.0,-1.6,-1.0,-1.6,-1.0,-1.6,-1.0,-1.6,-1.0,-1.6,-1.0,-1.6,-1.0,-1.6,-1.0,-1.6,-1.0,-1.6,-1.0,-1.6,-1.0,-1.6,-1.0,-1.6,-1.0,-1.6,-1.0,-1.6,-1.0,-1.6,-1.0,-1.6,-1.0,-1.6,-1.0,-1.6,-1.0,-1.6,-1.0,-1.6,-1.0,-1.6,-1.0
51,-1.6,-1.0,-1.6,-1.0,-1.6,-1.0,-1.6,-1.0,-1.6,-1.0,-1.6,-1.0,-1.6,-1.0,-1.6,-1.0,-1.6,-1.0,-1.6,-1.0,-1.6,-1.0,-1.6,-1.0,-1.6,-1.0,-1.6,-1.0,-1.6,-1.0,-1.6,-1.0,-1.6,-1.0,-1.6,-1.0,-1.6,-1.0,-1.6,-1.0,-1.6,-1.0,-1.6,-1.0,-1.6,-1.0,-1.6,-1.0,-1.6,-1.0,-1.6,-1.0,-1.6,-1.0,-1.6,-1.0,-1.6,-1.0,-1.6,-1.0,-1.6,-1.0,-1.6,-1.0,-1.6,-1.0,-1.6,-1.0,-1.6,-1.0,-1.6,-1.0,-1.6,-1.0,-1.6,-1.0,-1.6,-1.0,-1.6,-1.0,-1.6,-1.0,-1.6,-1.0,-1.6,-1.0,-1.6,-1.0,-1.6,-1.0,-1.6,-1.0,-1.6,-1.0,-1.6,-1.0,-1.6,-1.0,-1.6,-1.0,-1.6,-1.0,-1.6,-1.0,-1.6,-1.0,-1.6,-1.0,-1.6,-1.0,-1.6,-1.0,-1.6,-1.0,-1.6,-1.0,-1.6,-1.0,-1.6,-1.0,-1.6,-1.0,-1.6,-1.0,-1.6,-1.0,-1.6,-1.0,-1.6,-1.0,-1.6,-1.0,-1.6,-1.0,-1.6,-1.0,-1.6,-1.0,-1.6,-1.0,-1.6,-1.0,-1.6,-1.0,-1.6,-1.0,-1.6,-1.0,-1.6,-1.0,-1.6,-1.0,-1.6,-1.0,-1.6,-1.0,-1.6,-1.0,-1.6,-1.0,-1.6,-1.0,-1.6,-1.0,-1.6,-1.0,-1.6,-1.0,-1.6,-1.0,-1.6,-1.0,-1.6,-1.0,-1.6,-1.0,-1.6,-1.0,-1.6,-1.0,-1.6,-1.0,-1.6,-1.0,-1.6,-1.0,-1.6,-1.0,-1.6,-1.0,-1.6,-1.0,-1.6,-1.0,-1.6,-1.0,-1.6,-1.0,-1.6,-1.0
52,-1.4,-0.8,-1.4,-0.8,-1.4,-0.8,-1.4,-0.8,-1.4,-0.8,-1.4,-0.8,-1.4,-0.8,-1.4,-0.8,-1.4,-0.8,-1.4,-0.8,-1.4,-0.8,-1.4,-0.8,-1.4,-0.8,-1.4,-0.8,-1.4,-0.8,-1.4,-0.8,-1.4,-0.8,-1.4,-0.8,-1.4,-0.8,-1.4,-0.8,-1.4,-0.8,-1.4,-0.8,-1.4,-0.8,-1.4,-0.8,-1.4,-0.8,-1.4,-0.8,-1.4,-0.8,-1.4,-0.8,-1.4,-0.8,-1.4,-0.8,-1.4,-0.8,-1.4,-0.8,-1.4,-0.8,-1.4,-0.8,-1.4,-0.8,-1.4,-0.8,-1.4,-0.8,-1.4,-0.8,-1.4,-0.8,-1.4,-0.8,-1.4,-0.8,-1.4,-0.8,-1.4,-0.8,-1.4,-0.8,-1.4,-0.8,-1.4,-0.8,-1.4,-0.8,-1.4,-0.8,-1.4,-0.8,-1.4,-0.8,-1.4,-0.8,-1.4,-0.8,-1.4,-0.8,-1.4,-0.8,-1.4,-0.8,-1.4,-0.8,-1.4,-0.8,-1.4,-0.8,-1.4,-0.8,-1.4,-0.8,-1.4,-0.8,-1.4,-0.8,-1.4,-0.8,-1.4,-0.8,-1.4,-0.8,-1.4,-0.8,-1.4,-0.8,-1.4,-0.8,-1.4,-0.8,-1.4,-0.8,-1.4,-0.8,-1.4,-0.8,-1.4,-0.8,-1.4,-0.8,-1.4,-0.8,-1.4,-0.8,-1.4,-0.8,-1.4,-0.8,-1.4,-0.8,-1.4,-0.8,-1.4,-0.8,-1.4,-0.8,-1.4,-0.8,-1.4,-0.8,-1.4,-0.8,-1.4,-0.8,-1.4,-0.8,-1.4,-0.8,-1.4,-0.8,-1.4,-0.8,-1.4,-0.8,-1.4,-0.8,-1.4,-0.8,-1.4,-0.8,-1.4,-0.8,-1.4,-0.8,-1.4,-0.8,-1.4,-0.8,-1.4,-0.8,-1.4,-0.8
53,-1.6,-1.0,-1.6,-1.0,-1.6,-1.0,-1.6,-1.0,-1.6,-1.0,-1.6,-1.0,-1.6,-1.0,-1.6,-1.0,-1.6,-1.0,-1.6,-1.0,-1.6,-1.0,-1.6,-1.0,-1.6,-1.0,-1.6,-1.0,-1.6,-1.0,-1.6,-1.0,-1.6,-1.0,-1.6,-1.0,-1.6,-1.0,-1.6,-1.0,-1.6,-1.0,-1.6,-1.0,-1.6,-1.0,-1.6,-1.0,-1.6,-1.0,-1.6,-1.0,-1.6,-1.0,-1.6,-1.0,-1.6,-1.0,-1.6,-1.0,-1.6,-1.0,-1.6,-1.0,-1.6,-1.0,-1.6,-1.0,-1.6,-1.0,-1.6,-1.0,-1.6,-1.0,-1.6,-1.0,-1.6,-1.0,-1.6,-1.0,-1.6,-1.0,-1.6,-1.0,-1.6,-1.0,-1.6,-1.0,-1.6,-1.0,-1.6,-1.0,-1.6,-1.0,-1.6,-1.0,-1.6,-1.0,-1.6,-1.0,-1.6,-1.0,-1.6,-1.0,-1.6,-1.0,-1.6,-1.0,-1.6,-1.0,-1.6,-1.0,-1.6,-1.0,-1.6,-1.0,-1.6,-1.0,-1.6,-1.0,-1.6,-1.0,-1.6,-1.0,-1.6,-1.0,-1.6,-1.0,-1.6,-1.0,-1.6,-1.0,-1.6,-1.0,-1.6,-1.0,-1.6,-1.0,-1.6,-1.0,-1.6,-1.0,-1.6,-1.0,-1.6,-1.0,-1.6,-1.0,-1.6,-1.0,-1.6,-1.0,-1.6,-1.0,-1.6,-1.0,-1.6,-1.0,-1.6,-1.0,-1.6,-1.0,-1.6,-1.0,-1.6,-1.0,-1.6,-1.0,-1.6,-1.0,-1.6,-1.0,-1.6,-1.0,-1.6,-1.0,-1.6,-1.0,-1.6,-1.0,-1.6,-1.0,-1.6,-1.0,-1.6,-1.0,-1.6,-1.0,-1.6,-1.0,-1.6,-1.0,-1.6,-1.0,-1.6,-1.0,-1.6,-1.0,-1.6,-1.0
54,-1.0,-1.0,-1.0,-1.0,-1.0,-1.0,-1.0,-1.0,-1.0,-1.0,-1.0,-1.0,-1.0,-1.0,-1.0,-1.0,-1.0,-1.0,-1.0,-1.0,-1.0,-1.0,-1.0,-1.0,-1.0,-1.0,-1.0,-1.0,-1.0,-1.0,-1.0,-1.0,-1.0,-1.0,-1.0,-1.0,-1.0,-1.0,-1.0,-1.0,-1.0,-1.0,-1.0,-1.0,-1.0,-1.0,-1.0,-1.0,-1.0,-1.0,-1.0,-1.0,-1.0,-1.0,-1.0,-1.0,-1.0,-1.0,-1.0,-1.0,-1.0,-1.0,-1.0,-1.0,-1.0,-1.0,-1.0,-1.0,-1.0,-1.0,-1.0,-1.0,-1.0,-1.0,-1.0,-1.0,-1.0,-1.0,-1.0,-1.0,-1.0,-1.0,-1.0,-1.0,-1.0,-1.0,-1.0,-1.0,-1.0,-1.0,-1.0,-1.0,-1.0,-1.0,-1.0,-1.0,-1.0,-1.0,-1.0,-1.0,-1.0,-1.0,-1.0,-1.0,-1.0,-1.0,-1.0,-1.0,-1.0,-1.0,-1.0,-1.0,-1.0,-1.0,-1.0,-1.0,-1.0,-1.0,-1.0,-1.0,-1.0,-1.0,-1.0,-1.0,-1.0,-1.0,-1.0,-1.0,-1.0,-1.0,-1.0,-1.0,-1.0,-1.0,-1.0,-1.0,-1.0,-1.0,-1.0,-1.0,-1.0,-1.0,-1.0,-1.0,-1.0,-1.0,-1.0,-1.0,-1.0,-1.0,-1.0,-1.0,-1.0,-1.0,-1.0,-1.0,-1.0,-1.0,-1.0,-1.0,-1.0,-1.0,-1.0,-1.0,-1.0,-1.0,-1.0,-1.0,-1.0,-1.0,-1.0,-1.0,-1.0,-1.0,-1.0,-1.0,-1.0,-1.0,-1.0,-1.0,-1.0,-1.0,-1.0,-1.0,-1.0,-1.0,-1.0,-1.0,-1.0,-1.0,-1.0,-1.0,-1.0,-1.0,-1.0,-1.0,-1.0,-1.0,-1.0,-1.0
55,-1.6,-1.0,-1.6,-1.0,-1.6,-1.0,-1.6,-1.0,-1.6,-1.0,-1.6,-1.0,-1.6,-1.0,-1.6,-1.0,-1.6,-1.0,-1.6,-1.0,-1.6,-1.0,-1.6,-1.0,-1.6,-1.0,-1.6,-1.0,-1.6,-1.0,-1.6,-1.0,-1.6,-1.0,-1.6,-1.0,-1.6,-1.0,-1.6,-1.0,-1.6,-1.0,-1.6,-1.0,-1.6,-1.0,-1.6,-1.0,-1.6,-1.0,-1.6,-1.0,-1.6,-1.0,-1.6,-1.0,-1.6,-1.0,-1.6,-1.0,-1.6,-1.0,-1.6,-1.0,-1.6,-1.0,-1.6,-1.0,-1.6,-1.0,-1.6,-1.0,-1.6,-1.0,-1.6,-1.0,-1.6,-1.0,-1.6,-1.0,-1.6,-1.0,-1.6,-1.0,-1.6,-1.0,-1.6,-1.0,-1.6,-1.0,-1.6,-1.0,-1.6,-1.0,-1.6,-1.0,-1.6,-1.0,-1.6,-1.0,-1.6,-1.0,-1.6,-1.0,-1.6,-1.0,-1.6,-1.0,-1.6,-1.0,-1.6,-1.0,-1.6,-1.0,-1.6,-1.0,-1.6,-1.0,-1.6,-1.0,-1.6,-1.0,-1.6,-1.0,-1.6,-1.0,-1.6,-1.0,-1.6,-1.0,-1.6,-1.0,-1.6,-1.0,-1.6,-1.0,-1.6,-1.0,-1.6,-1.0,-1.6,-1.0,-1.6,-1.0,-1.6,-1.0,-1.6,-1.0,-1.6,-1.0,-1.6,-1.0,-1.6,-1.0,-1.6,-1.0,-1.6,-1.0,-1.6,-1.0,-1.6,-1.0,-1.6,-1.0,-1.6,-1.0,-1.6,-1.0,-1.6,-1.0,-1.6,-1.0,-1.6,-1.0,-1.6,-1.0,-1.6,-1.0,-1.6,-1.0,-1.6,-1.0,-1.6,-1.0,-1.6,-1.0,-1.6,-1.0,-1.6,-1.0,-1.6,-1.0,-1.6,-1.0,-1.6,-1.0,-1.6,-1.0,-1.6,-1.0
56,-1.2,-1.2,-1.2,-1.2,-1.2,-1.2,-1.2,-1.2,-1.2,-1.2,-1.2,-1.2,-1.2,-1.2,-1.2,-1.2,-1.2,-1.2,-1.2,-1.2,-1.2,-1.2,-1.2,-1.2,-1.2,-1.2,-1.2,-1.2,-1.2,-1.2,-1.2,-1.2,-1.2,-1.2,-1.2,-1.2,-1.2,-1.2,-1.2,-1.2,-1.2,-1.2,-1.2,-1.2,-1.2,-1.2,-1.2,-1.2,-1.2,-1.2,-1.2,-1.2,-1.2,-1.2,-1.2,-1.2,-1.2,-1.2,-1.2,-1.2,-1.2,-1.2,-1.2,-1.2,-1.2,-1.2,-1.2,-1.2,-1.2,-1.2,-1.2,-1.2,-1.2,-1.2,-1.2,-1.2,-1.2,-1.2,-1.2,-1.2,-1.2,-1.2,-1.2,-1.2,-1.2,-1.2,-1.2,-1.2,-1.2,-1.2,-1.2,-1.2,-1.2,-1.2,-1.2,-1.2,-1.2,-1.2,-1.2,-1.2,-1.2,-1.2,-1.2,-1.2,-1.2,-1.2,-1.2,-1.2,-1.2,-1.2,-1.2,-1.2,-1.2,-1.2,-1.2,-1.2,-1.2,-1.2,-1.2,-1.2,-1.2,-1.2,-1.2,-1.2,-1.2,-1.2,-1.2,-1.2,-1.2,-1.2,-1.2,-1.2,-1.2,-1.2,-1.2,-1.2,-1.2,-1.2,-1.2,-1.2,-1.2,-1.2,-1.2,-1.2,-1.2,-1.2,-1.2,-1.2,-1.2,-1.2,-1.2,-1.2,-1.2,-1.2,-1.2,-1.2,-1.2,-1.2,-1.2,-1.2,-1.2,-1.2,-1.2,-1.2,-1.2,-1.2,-1.2,-1.2,-1.2,-1.2,-1.2,-1.2,-1.2,-1.2,-1.2,-1.2,-1.2,-1.2,-1.2,-1.2,-1.2,-1.2,-1.2,-1.2,-1.2,-1.2,-1.2,-1.2,-1.2,-1.2,-1.2,-1.2,-1.2,-1.2,-1.2,-1.2,-1.2,-1.2,-1.2,-1.2
57,-1.0,-1.0,-1.0,-1.0,-1.0,-1.0,-1.0,-1.0,-1.0,-1.0,-1.0,-1.0,-1.0,-1.0,-1.0,-1.0,-1.0,-1.0,-1.0,-1.0,-1.0,-1.0,-1.0,-1.0,-1.0,-1.0,-1.0,-1.0,-1.0,-1.0,-1.0,-1.0,-1.0,-1.0,-1.0,-1.0,-1.0,-1.0,-1.0,-1.0,-1.0,-1.0,-1.0,-1.0,-1.0,-1.0,-1.0,-1.0,-1.0,-1.0,-1.0,-1.0,-1.0,-1.0,-1.0,-1.0,-1.0,-1.0,-1.0,-1.0,-1.0,-1.0,-1.0,-1.0,-1.0,-1.0,-1.0,-1.0,-1.0,-1.0,-1.0,-1.0,-1.0,-1.0,-1.0,-1.0,-1.0,-1.0,-1.0,-1.0,-1.0,-1.0,-1.0,-1.0,-1.0,-1.0,-1.0,-1.0,-1.0,-1.0,-1.0,-1.0,-1.0,-1.0,-1.0,-1.0,-1.0,-1.0,-1.0,-1.0,-1.0,-1.0,-1.0,-1.0,-1.0,-1.0,-1.0,-1.0,-1.0,-1.0,-1.0,-1.0,-1.0,-1.0,-1.0,-1.0,-1.0,-1.0,-1.0,-1.0,-1.0,-1.0,-1.0,-1.0,-1.0,-1.0,-1.0,-1.0,-1.0,-1.0,-1.0,-1.0,-1.0,-1.0,-1.0,-1.0,-1.0,-1.0,-1.0,-1.0,-1.0,-1.0,-1.0,-1.0,-1.0,-1.0,-1.0,-1.0,-1.0,-1.0,-1.0,-1.0,-1.0,-1.0,-1.0,-1.0,-1.0,-1.0,-1.0,-1.0,-1.0,-1.0,-1.0,-1.0,-1.0,-1.0,-1.0,-1.0,-1.0,-1.0,-1.0,-1.0,-1.0,-1.0,-1.0,-1.0,-1.0,-1.0,-1.0,-1.0,-1.0,-1.0,-1.0,-1.0,-1.0,-1.0,-1.0,-1.0,-1.0,-1.0,-1.0,-1.0,-1.0,-1.0,-1.0,-1.0,-1.0,-1.0,-1.0,-1.0
58,-1.4,-0.8,-1.4,-0.8,-1.4,-0.8,-1.4,-0.8,-1.4,-0.8,-1.4,-0.8,-1.4,-0.8,-1.4,-0.8,-1.4,-0.8,-1.4,-0.8,-1.4,-0.8,-1.4,-0.8,-1.4,-0.8,-1.4,-0.8,-1.4,-0.8,-1.4,-0.8,-1.4,-0.8,-1.4,-0.8,-1.4,-0.8,-1.4,-0.8,-1.4,-0.8,-1.4,-0.8,-1.4,-0.8,-1.4,-0.8,-1.4,-0.8,-1.4,-0.8,-1.4,-0.8,-1.4,-0.8,-1.4,-0.8,-1.4,-0.8,-1.4,-0.8,-1.4,-0.8,-1.4,-0.8,-1.4,-0.8,-1.4,-0.8,-1.4,-0.8,-1.4,-0.8,-1.4,-0.8,-1.4,-0.8,-1.4,-0.8,-1.4,-0.8,-1.4,-0.8,-1.4,-0.8,-1.4,-0.8,-1.4,-0.8,-1.4,-0.8,-1.4,-0.8,-1.4,-0.8,-1.4,-0.8,-1.4,-0.8,-1.4,-0.8,-1.4,-0.8,-1.4,-0.8,-1.4,-0.8,-1.4,-0.8,-1.4,-0.8,-1.4,-0.8,-1.4,-0.8,-1.4,-0.8,-1.4,-0.8,-1.4,-0.8,-1.4,-0.8,-1.4,-0.8,-1.4,-0.8,-1.4,-0.8,-1.4,-0.8,-1.4,-0.8,-1.4,-0.8,-1.4,-0.8,-1.4,-0.8,-1.4,-0.8,-1.4,-0.8,-1.4,-0.8,-1.4,-0.8,-1.4,-0.8,-1.4,-0.8,-1.4,-0.8,-1.4,-0.8,-1.4,-0.8,-1.4,-0.8,-1.4,-0.8,-1.4,-0.8,-1.4,-0.8,-1.4,-0.8,-1.4,-0.8,-1.4,-0.8,-1.4,-0.8,-1.4,-0.8,-1.4,-0.8,-1.4,-0.8,-1.4,-0.8,-1.4,-0.8,-1.4,-0.8,-1.4,-0.8,-1.4,-0.8,-1.4,-0.8,-1.4,-0.8,-1.4,-0.8,-1.4,-0.8,-1.4,-0.8
59,-2.2,-1.0,-2.2,-1.0,-2.2,-1.0,-2.2,-1.0,-2.2,-1.0,-2.2,-1.0,-2.2,-1.0,-2.2,-1.0,-2.2,-1.0,-2.2,-1.0,-2.2,-1.0,-2.2,-1.0,-2.2,-1.0,-2.2,-1.0,-2.2,-1.0,-2.2,-1.0,-2.2,-1.0,-2.2,-1.0,-2.2,-1.0,-2.2,-1.0,-2.2,-1.0,-2.2,-1.0,-2.2,-1.0,-2.2,-1.0,-2.2,-1.0,-2.2,-1.0,-2.2,-1.0,-2.2,-1.0,-2.2,-1.0,-2.2,-1.0,-2.2,-1.0,-2.2,-1.0,-2.2,-1.0,-2.2,-1.0,-2.2,-1.0,-2.2,-1.0,-2.2,-1.0,-2.2,-1.0,-2.2,-1.0,-2.2,-1.0,-2.2,-1.0,-2.2,-1.0,-2.2,-1.0,-2.2,-1.0,-2.2,-1.0,-2.2,-1.0,-2.2,-1.0,-2.2,-1.0,-2.2,-1.0,-2.2,-1.0,-2.2,-1.0,-2.2,-1.0,-2.2,-1.0,-2.2,-1.0,-2.2,-1.0,-2.2,-1.0,-2.2,-1.0,-2.2,-1.0,-2.2,-1.0,-2.2,-1.0,-2.2,-1.0,-2.2,-1.0,-2.2,-1.0,-2.2,-1.0,-2.2,-1.0,-2.2,-1.0,-2.2,-1.0,-2.2,-1.0,-2.2,-1.0,-2.2,-1.0,-2.2,-1.0,-2.2,-1.0,-2.2,-1.0,-2.2,-1.0,-2.2,-1.0,-2.2,-1.0,-2.2,-1.0,-2.2,-1.0,-2.2,-1.0,-2.2,-1.0,-2.2,-1.0,-2.2,-1.0,-2.2,-1.0,-2.2,-1.0,-2.2,-1.0,-2.2,-1.0,-2.2,-1.0,-2.2,-1.0,-2.2,-1.0,-2.2,-1.0,-2.2,-1.0,-2.2,-1.0,-2.2,-1.0,-2.2,-1.0,-2.2,-1.0,-2.2,-1.0,-2.2,-1.0,-2.2,-1.0,-2.2,-1.0,-2.2,-1.0
60,-1.4,-1.4,-1.4,-1.4,-1.4,-1.4,-1.4,-1.4,-1.4,-1.4,-1.4,-1.4,-1.4,-1.4,-1.4,-1.4,-1.4,-1.4,-1.4,-1.4,-1.4,-1.4,-1.4,-1.4,-1.4,-1.4,-1.4,-1.4,-1.4,-1.4,-1.4,-1.4,-1.4,-1.4,-1.4,-1.4,-1.4,-1.4,-1.4,-1.4,-1.4,-1.4,-1.4,-1.4,-1.4,-1.4,-1.4,-1.4,-1.4,-1.4,-1.4,-1.4,-1.4,-1.4,-1.4,-1.4,-1.4,-1.4,-1.4,-1.4,-1.4,-1.4,-1.4,-1.4,-1.4,-1.4,-1.4,-1.4,-1.4,-1.4,-1.4,-1.4,-1.4,-1.4,-1.4,-1.4,-1.4,-1.4,-1.4,-1.4,-1.4,-1.4,-1.4,-1.4,-1.4,-1.4,-1.4,-1.4,-1.4,-1.4,-1.4,-1.4,-1.4,-1.4,-1.4,-1.4,-1.4,-1.4,-1.4,-1.4,-1.4,-1.4,-1.4,-1.4,-1.4,-1.4,-1.4,-1.4,-1.4,-1.4,-1.4,-1.4,-1.4,-1.4,-1.4,-1.4,-1.4,-1.4,-1.4,-1.4,-1.4,-1.4,-1.4,-1.4,-1.4,-1.4,-1.4,-1.4,-1.4,-1.4,-1.4,-1.4,-1.4,-1.4,-1.4,-1.4,-1.4,-1.4,-1.4,-1.4,-1.4,-1.4,-1.4,-1.4,-1.4,-1.4,-1.4,-1.4,-1.4,-1.4,-1.4,-1.4,-1.4,-1.4,-1.4,-1.4,-1.4,-1.4,-1.4,-1.4,-1.4,-1.4,-1.4,-1.4,-1.4,-1.4,-1.4,-1.4,-1.4,-1.4,-1.4,-1.4,-1.4,-1.4,-1.4,-1.4,-1.4,-1.4,-1.4,-1.4,-1.4,-1.4,-1.4,-1.4,-1.4,-1.4,-1.4,-1.4,-1.4,-1.4,-1.4,-1.4,-1.4,-1.4,-1.4,-1.4,-1.4,-1.4,-1.4,-1.4
61,-1.0,-1.0,-1.0,-1.0,-1.0,-1.0,-1.0,-1.0,-1.0,-1.0,-1.0,-1.0,-1.0,-1.0,-1.0,-1.0,-1.0,-1.0,-1.0,-1.0,-1.0,-1.0,-1.0,-1.0,-1.0,-1.0,-1.0,-1.0,-1.0,-1.0,-1.0,-1.0,-1.0,-1.0,-1.0,-1.0,-1.0,-1.0,-1.0,-1.0,-1.0,-1.0,-1.0,-1.0,-1.0,-1.0,-1.0,-1.0,-1.0,-1.0,-1.0,-1.0,-1.0,-1.0,-1.0,-1.0,-1.0,-1.0,-1.0,-1.0,-1.0,-1.0,-1.0,-1.0,-1.0,-1.0,-1.0,-1.0,-1.0,-1.0,-1.0,-1.0,-1.0,-1.0,-1.0,-1.0,-1.0,-1.0,-1.0,-1.0,-1.0,-1.0,-1.0,-1.0,-1.0,-1.0,-1.0,-1.0,-1.0,-1.0,-1.0,-1.0,-1.0,-1.0,-1.0,-1.0,-1.0,-1.0,-1.0,-1.0,-1.0,-1.0,-1.0,-1.0,-1.0,-1.0,-1.0,-1.0,-1.0,-1.0,-1.0,-1.0,-1.0,-1.0,-1.0,-1.0,-1.0,-1.0,-1.0,-1.0,-1.0,-1.0,-1.0,-1.0,-1.0,-1.0,-1.0,-1.0,-1.0,-1.0,-1.0,-1.0,-1.0,-1.0,-1.0,-1.0,-1.0,-1.0,-1.0,-1.0,-1.0,-1.0,-1.0,-1.0,-1.0,-1.0,-1.0,-1.0,-1.0,-1.0,-1.0,-1.0,-1.0,-1.0,-1.0,-1.0,-1.0,-1.0,-1.0,-1.0,-1.0,-1.0,-1.0,-1.0,-1.0,-1.0,-1.0,-1.0,-1.0,-1.0,-1.0,-1.0,-1.0,-1.0,-1.0,-1.0,-1.0,-1.0,-1.0,-1.0,-1.0,-1.0,-1.0,-1.0,-1.0,-1.0,-1.0,-1.0,-1.0,-1.0,-1.0,-1.0,-1.0,-1.0,-1.0,-1.0,-1.0,-1.0,-1.0,-1.0
62,-1.0,-1.0,-1.0,-1.0,-1.0,-1.0,-1.0,-1.0,-1.0,-1.0,-1.0,-1.0,-1.0,-1.0,-1.0,-1.0,-1.0,-1.0,-1.0,-1.0,-1.0,-1.0,-1.0,-1.0,-1.0,-1.0,-1.0,-1.0,-1.0,-1.0,-1.0,-1.0,-1.0,-1.0,-1.0,-1.0,-1.0,-1.0,-1.0,-1.0,-1.0,-1.0,-1.0,-1.0,-1.0,-1.0,-1.0,-1.0,-1.0,-1.0,-1.0,-1.0,-1.0,-1.0,-1.0,-1.0,-1.0,-1.0,-1.0,-1.0,-1.0,-1.0,-1.0,-1.0,-1.0,-1.0,-1.0,-1.0,-1.0,-1.0,-1.0,-1.0,-1.0,-1.0,-1.0,-1.0,-1.0,-1.0,-1.0,-1.0,-1.0,-1.0,-1.0,-1.0,-1.0,-1.0,-1.0,-1.0,-1.0,-1.0,-1.0,-1.0,-1.0,-1.0,-1.0,-1.0,-1.0,-1.0,-1.0,-1.0,-1.0,-1.0,-1.0,-1.0,-1.0,-1.0,-1.0,-1.0,-1.0,-1.0,-1.0,-1.0,-1.0,-1.0,-1.0,-1.0,-1.0,-1.0,-1.0,-1.0,-1.0,-1.0,-1.0,-1.0,-1.0,-1.0,-1.0,-1.0,-1.0,-1.0,-1.0,-1.0,-1.0,-1.0,-1.0,-1.0,-1.0,-1.0,-1.0,-1.0,-1.0,-1.0,-1.0,-1.0,-1.0,-1.0,-1.0,-1.0,-1.0,-1.0,-1.0,-1.0,-1.0,-1.0,-1.0,-1.0,-1.0,-1.0,-1.0,-1.0,-1.0,-1.0,-1.0,-1.0,-1.0,-1.0,-1.0,-1.0,-1.0,-1.0,-1.0,-1.0,-1.0,-1.0,-1.0,-1.0,-1.0,-1.0,-1.0,-1.0,-1.0,-1.0,-1.0,-1.0,-1.0,-1.0,-1.0,-1.0,-1.0,-1.0,-1.0,-1.0,-1.0,-1.0,-1.0,-1.0,-1.0,-1.0,-1.0,-1.0
63,-1.0,-1.0,-1.0,-1.0,-1.0,-1.0,-1.0,-1.0,-1.0,-1.0,-1.0,-1.0,-1.0,-1.0,-1.0,-1.0,-1.0,-1.0,-1.0,-1.0,-1.0,-1.0,-1.0,-1.0,-1.0,-1.0,-1.0,-1.0,-1.0,-1.0,-1.0,-1.0,-1.0,-1.0,-1.0,-1.0,-1.0,-1.0,-1.0,-1.0,-1.0,-1.0,-1.0,-1.0,-1.0,-1.0,-1.0,-1.0,-1.0,-1.0,-1.0,-1.0,-1.0,-1.0,-1.0,-1.0,-1.0,-1.0,-1.0,-1.0,-1.0,-1.0,-1.0,-1.0,-1.0,-1.0,-1.0,-1.0,-1.0,-1.0,-1.0,-1.0,-1.0,-1.0,-1.0,-1.0,-1.0,-1.0,-1.0,-1.0,-1.0,-1.0,-1.0,-1.0,-1.0,-1.0,-1.0,-1.0,-1.0,-1.0,-1.0,-1.0,-1.0,-1.0,-1.0,-1.0,-1.0,-1.0,-1.0,-1.0,-1.0,-1.0,-1.0,-1.0,-1.0,-1.0,-1.0,-1.0,-1.0,-1.0,-1.0,-1.0,-1.0,-1.0,-1.0,-1.0,-1.0,-1.0,-1.0,-1.0,-1.0,-1.0,-1.0,-1.0,-1.0,-1.0,-1.0,-1.0,-1.0,-1.0,-1.0,-1.0,-1.0,-1.0,-1.0,-1.0,-1.0,-1.0,-1.0,-1.0,-1.0,-1.0,-1.0,-1.0,-1.0,-1.0,-1.0,-1.0,-1.0,-1.0,-1.0,-1.0,-1.0,-1.0,-1.0,-1.0,-1.0,-1.0,-1.0,-1.0,-1.0,-1.0,-1.0,-1.0,-1.0,-1.0,-1.0,-1.0,-1.0,-1.0,-1.0,-1.0,-1.0,-1.0,-1.0,-1.0,-1.0,-1.0,-1.0,-1.0,-1.0,-1.0,-1.0,-1.0,-1.0,-1.0,-1.0,-1.0,-1.0,-1.0,-1.0,-1.0,-1.0,-1.0,-1.0,-1.0,-1.0,-1.0,-1.0,-1.0
64,-1.0,-1.0,-1.0,-1.0,-1.0,-1.0,-1.0,-1.0,-1.0,-1.0,-1.0,-1.0,-1.0,-1.0,-1.0,-1.0,-1.0,-1.0,-1.0,-1.0,-1.0,-1.0,-1.0,-1.0,-1.0,-1.0,-1.0,-1.0,-1.0,-1.0,-1.0,-1.0,-1.0,-1.0,-1.0,-1.0,-1.0,-1.0,-1.0,-1.0,-1.0,-1.0,-1.0,-1.0,-1.0,-1.0,-1.0,-1.0,-1.0,-1.0,-1.0,-1.0,-1.0,-1.0,-1.0,-1.0,-1.0,-1.0,-1.0,-1.0,-1.0,-1.0,-1.0,-1.0,-1.0,-1.0,-1.0,-1.0,-1.0,-1.0,-1.0,-1.0,-1.0,-1.0,-1.0,-1.0,-1.0,-1.0,-1.0,-1.0,-1.0,-1.0,-1.0,-1.0,-1.0,-1.0,-1.0,-1.0,-1.0,-1.0,-1.0,-1.0,-1.0,-1.0,-1.0,-1.0,-1.0,-1.0,-1.0,-1.0,-1.0,-1.0,-1.0,-1.0,-1.0,-1.0,-1.0,-1.0,-1.0,-1.0,-1.0,-1.0,-1.0,-1.0,-1.0,-1.0,-1.0,-1.0,-1.0,-1.0,-1.0,-1.0,-1.0,-1.0,-1.0,-1.0,-1.0,-1.0,-1.0,-1.0,-1.0,-1.0,-1.0,-1.0,-1.0,-1.0,-1.0,-1.0,-1.0,-1.0,-1.0,-1.0,-1.0,-1.0,-1.0,-1.0,-1.0,-1.0,-1.0,-1.0,-1.0,-1.0,-1.0,-1.0,-1.0,-1.0,-1.0,-1.0,-1.0,-1.0,-1.0,-1.0,-1.0,-1.0,-1.0,-1.0,-1.0,-1.0,-1.0,-1.0,-1.0,-1.0,-1.0,-1.0,-1.0,-1.0,-1.0,-1.0,-1.0,-1.0,-1.0,-1.0,-1.0,-1.0,-1.0,-1.0,-1.0,-1.0,-1.0,-1.0,-1.0,-1.0,-1.0,-1.0,-1.0,-1.0,-1.0,-1.0,-1.0,-1.0
